Developing Member Country,Project,Type of Cofinancing,Donor Country,Measure Names,Date,Measure Values
 ,Eastern Indonesia Renewable Energy – Phase 2,NS,Canada,Cofinancing Amount  ($ million),1 January 2016 - 31 December 2020,21.9
 ,Eastern Indonesia Renewable Energy – Phase 2,NS,Canada,ADB Amount  ($ million),1 January 2016 - 31 December 2020,12.49
 ,Greater Mekong Subregion Flood and Drought Risk Management and Mitigation – Additional Financingc,G,Canada,Cofinancing Amount  ($ million),1 January 2016 - 31 December 2020,1.8
 ,Greater Mekong Subregion Flood and Drought Risk Management and Mitigation – Additional Financingc,G,Canada,ADB Amount  ($ million),1 January 2016 - 31 December 2020,
 ,Improving Internet Connectivity for the South Pacific,G,New Zealand,Cofinancing Amount  ($ million),1 January 2016 - 31 December 2020,10
 ,Improving Internet Connectivity for the South Pacific,G,New Zealand,ADB Amount  ($ million),1 January 2016 - 31 December 2020,15
 ,Strengthening Economic Management Reform Program – Subprogram 1,G,New Zealand,Cofinancing Amount  ($ million),1 January 2016 - 31 December 2020,2
 ,Strengthening Economic Management Reform Program – Subprogram 1,G,New Zealand,ADB Amount  ($ million),1 January 2016 - 31 December 2020,5
 ,Strengthening Economic Management Reform Program – Subprogram 2,G,New Zealand,Cofinancing Amount  ($ million),1 January 2016 - 31 December 2020,2
 ,Strengthening Economic Management Reform Program – Subprogram 2,G,New Zealand,ADB Amount  ($ million),1 January 2016 - 31 December 2020,2.5
 ,Strengthening Macroeconomic Resilience Program,G,New Zealand,Cofinancing Amount  ($ million),1 January 2016 - 31 December 2020,4
 ,Strengthening Macroeconomic Resilience Program,G,New Zealand,ADB Amount  ($ million),1 January 2016 - 31 December 2020,12.2
 ,Sustained Private Sector-Led Growth Reform Program - Subprogram 3,G,New Zealand,Cofinancing Amount  ($ million),1 January 2016 - 31 December 2020,1.5
 ,Sustained Private Sector-Led Growth Reform Program - Subprogram 3,G,New Zealand,ADB Amount  ($ million),1 January 2016 - 31 December 2020,200
 ,Tangguh Liquefied Natural Gas Expansion Project,NS,Singapore,Cofinancing Amount  ($ million),1 January 2016 - 31 December 2020,270
 ,Tangguh Liquefied Natural Gas Expansion Project,NS,Singapore,ADB Amount  ($ million),1 January 2016 - 31 December 2020,400
Afghanistan,Kandahar Solar Power Project,NS,Canada,Cofinancing Amount  ($ million),1 January 2016 - 31 December 2020,3.85
Afghanistan,Kandahar Solar Power Project,NS,Canada,ADB Amount  ($ million),1 January 2016 - 31 December 2020,4
Azerbaijan,"CDH VGC Fund II, L.P.",NS,United States,Cofinancing Amount  ($ million),1 January 2016 - 31 December 2020,17.9
Azerbaijan,"CDH VGC Fund II, L.P.",NS,United States,ADB Amount  ($ million),1 January 2016 - 31 December 2020,30
Azerbaijan,Railway Sector Development Program,L,France,Cofinancing Amount  ($ million),1 January 2016 - 31 December 2020,175
Azerbaijan,Railway Sector Development Program,L,France,ADB Amount  ($ million),1 January 2016 - 31 December 2020,400
Azerbaijan,Shah Deniz Gas Field Expansion,NS,United States,Cofinancing Amount  ($ million),1 January 2016 - 31 December 2020,105.2
Azerbaijan,Shah Deniz Gas Field Expansion,NS,United States,ADB Amount  ($ million),1 January 2016 - 31 December 2020,500
Azerbaijan,Shah Deniz Gas Field Expansion,NS,Switzerland,Cofinancing Amount  ($ million),1 January 2016 - 31 December 2020,58.1
Azerbaijan,Shah Deniz Gas Field Expansion,NS,Switzerland,ADB Amount  ($ million),1 January 2016 - 31 December 2020,500
Azerbaijan,Shah Deniz Gas Field Expansion,NS,Germany,Cofinancing Amount  ($ million),1 January 2016 - 31 December 2020,38.23
Azerbaijan,Shah Deniz Gas Field Expansion,NS,Germany,ADB Amount  ($ million),1 January 2016 - 31 December 2020,500
Azerbaijan,Shah Deniz Gas Field Expansion,NS,France,Cofinancing Amount  ($ million),1 January 2016 - 31 December 2020,84.6
Azerbaijan,Shah Deniz Gas Field Expansion,NS,France,ADB Amount  ($ million),1 January 2016 - 31 December 2020,500
Bangladesh,Dhaka Water Supply Network Improvement,L,France,Cofinancing Amount  ($ million),1 January 2016 - 31 December 2020,128
Bangladesh,Dhaka Water Supply Network Improvement,L,France,ADB Amount  ($ million),1 January 2016 - 31 December 2020,275
Bangladesh,Dhaka Water Supply Network Improvement,L,Denmark,Cofinancing Amount  ($ million),1 January 2016 - 31 December 2020,230
Bangladesh,Dhaka Water Supply Network Improvement,L,Denmark,ADB Amount  ($ million),1 January 2016 - 31 December 2020,275
Bangladesh,Microfinance Risk Participation and Guarantee Program,NS,United Kingdom,Cofinancing Amount  ($ million),1 January 2016 - 31 December 2020,109.89
Bangladesh,Microfinance Risk Participation and Guarantee Program,NS,United Kingdom,ADB Amount  ($ million),1 January 2016 - 31 December 2020,109.89
Bangladesh,Railway Sector Investment Program – Tranche 4,L,Republic of Korea,Cofinancing Amount  ($ million),1 January 2016 - 31 December 2020,22
Bangladesh,Railway Sector Investment Program – Tranche 4,L,Republic of Korea,ADB Amount  ($ million),1 January 2016 - 31 December 2020,50
Bangladesh,Reliance Bangladesh Liquefied Natural Gas and Power,NS,France,Cofinancing Amount  ($ million),1 January 2016 - 31 December 2020,44.25
Bangladesh,Reliance Bangladesh Liquefied Natural Gas and Power,NS,France,ADB Amount  ($ million),1 January 2016 - 31 December 2020,100
Bangladesh,Secondary Education Sector Investment Program – Tranche 2c,L,Republic of Korea,Cofinancing Amount  ($ million),1 January 2016 - 31 December 2020,76.02
Bangladesh,Secondary Education Sector Investment Program – Tranche 2c,L,Republic of Korea,ADB Amount  ($ million),1 January 2016 - 31 December 2020,
Bangladesh,Skills for Employment Investment Program – Tranche 2,G,Republic of Korea,Cofinancing Amount  ($ million),1 January 2016 - 31 December 2020,8.5
Bangladesh,Skills for Employment Investment Program – Tranche 2,G,Republic of Korea,ADB Amount  ($ million),1 January 2016 - 31 December 2020,100
Bangladesh,"South Asia Subregional Economic Cooperation Chittagong-Cox’s Bazar Railway Project, Phase 1 – Tranche 1",L,Republic of Korea,Cofinancing Amount  ($ million),1 January 2016 - 31 December 2020,99.04
Bangladesh,"South Asia Subregional Economic Cooperation Chittagong-Cox’s Bazar Railway Project, Phase 1 – Tranche 1",L,Republic of Korea,ADB Amount  ($ million),1 January 2016 - 31 December 2020,300
Bangladesh,South Asia Subregional Economic Cooperation Railway Connectivity: Akhaura-Laksam Double Trackc,L,Republic of Korea,Cofinancing Amount  ($ million),1 January 2016 - 31 December 2020,192
Bangladesh,South Asia Subregional Economic Cooperation Railway Connectivity: Akhaura-Laksam Double Trackc,L,Republic of Korea,ADB Amount  ($ million),1 January 2016 - 31 December 2020,
Bangladesh,Southwest Transmission Grid Expansion,G,Republic of Korea,Cofinancing Amount  ($ million),1 January 2016 - 31 December 2020,0.5
Bangladesh,Southwest Transmission Grid Expansion,G,Republic of Korea,ADB Amount  ($ million),1 January 2016 - 31 December 2020,350
Bangladesh,Spectra Solar Power Project,NS,Germany,Cofinancing Amount  ($ million),1 January 2016 - 31 December 2020,16.1
Bangladesh,Spectra Solar Power Project,NS,Germany,ADB Amount  ($ million),1 January 2016 - 31 December 2020,13.28
Bhutan,Alternative Renewable Energy Pilot,G,Japan,Cofinancing Amount  ($ million),1 January 2016 - 31 December 2020,3
Bhutan,Alternative Renewable Energy Pilot,G,Japan,ADB Amount  ($ million),1 January 2016 - 31 December 2020,
Cambodia,Agricultural Value Chain Competitiveness and Safety Enhancement,G,Japan,Cofinancing Amount  ($ million),1 January 2016 - 31 December 2020,3
Cambodia,Agricultural Value Chain Competitiveness and Safety Enhancement,G,Japan,ADB Amount  ($ million),1 January 2016 - 31 December 2020,70
Cambodia,Agricultural Value Chain Competitiveness and Safety Enhancement,L,France,Cofinancing Amount  ($ million),1 January 2016 - 31 December 2020,25
Cambodia,Agricultural Value Chain Competitiveness and Safety Enhancement,L,France,ADB Amount  ($ million),1 January 2016 - 31 December 2020,70
Cambodia,Bangladesh Power System Enhancement and Efficiency Improvement,G,Japan,Cofinancing Amount  ($ million),1 January 2016 - 31 December 2020,2
Cambodia,Bangladesh Power System Enhancement and Efficiency Improvement,G,Japan,ADB Amount  ($ million),1 January 2016 - 31 December 2020,616
Cambodia,Cambodia Solar Power Project,NS,France,Cofinancing Amount  ($ million),1 January 2016 - 31 December 2020,2.7
Cambodia,Cambodia Solar Power Project,NS,France,ADB Amount  ($ million),1 January 2016 - 31 December 2020,3.6
Cambodia,Cambodia Solar Power Project,NS,Canada,Cofinancing Amount  ($ million),1 January 2016 - 31 December 2020,3.25
Cambodia,Cambodia Solar Power Project,NS,Canada,ADB Amount  ($ million),1 January 2016 - 31 December 2020,3.25
Cambodia,COVID-19 Active Response and Expenditure Support Program,G,Japan,Cofinancing Amount  ($ million),1 January 2016 - 31 December 2020,331.06
Cambodia,COVID-19 Active Response and Expenditure Support Program,G,Japan,ADB Amount  ($ million),1 January 2016 - 31 December 2020,500
Cambodia,COVID-19 Active Response and Expenditure Support Program,L,Japan,Cofinancing Amount  ($ million),1 January 2016 - 31 December 2020,241.57
Cambodia,COVID-19 Active Response and Expenditure Support Program,L,Japan,ADB Amount  ($ million),1 January 2016 - 31 December 2020,250
Cambodia,Fourth Greater Mekong Subregion Corridor Towns Development,G,Republic of Korea,Cofinancing Amount  ($ million),1 January 2016 - 31 December 2020,0.5
Cambodia,Fourth Greater Mekong Subregion Corridor Towns Development,G,Republic of Korea,ADB Amount  ($ million),1 January 2016 - 31 December 2020,80
Cambodia,Irrigated Agriculture Improvement,G,Australia,Cofinancing Amount  ($ million),1 January 2016 - 31 December 2020,2.5
Cambodia,Irrigated Agriculture Improvement,G,Australia,ADB Amount  ($ million),1 January 2016 - 31 December 2020,119.16
Cambodia,Provincial Water Supply and Sanitation,G,Japan,Cofinancing Amount  ($ million),1 January 2016 - 31 December 2020,10
Cambodia,Provincial Water Supply and Sanitation,G,Japan,ADB Amount  ($ million),1 January 2016 - 31 December 2020,50
Cambodia,Provincial Water Supply and Sanitation,L,France,Cofinancing Amount  ($ million),1 January 2016 - 31 December 2020,43.54
Cambodia,Provincial Water Supply and Sanitation,L,France,ADB Amount  ($ million),1 January 2016 - 31 December 2020,50
Cambodia,Railway Sector Investment Program – Tranche 4,L,Japan,Cofinancing Amount  ($ million),1 January 2016 - 31 December 2020,116.72
Cambodia,Railway Sector Investment Program – Tranche 4,L,Japan,ADB Amount  ($ million),1 January 2016 - 31 December 2020,50
Cambodia,Reliance Bangladesh Liquefied Natural Gas and Power,NS,Japan,Cofinancing Amount  ($ million),1 January 2016 - 31 December 2020,397.75
Cambodia,Reliance Bangladesh Liquefied Natural Gas and Power,NS,Japan,ADB Amount  ($ million),1 January 2016 - 31 December 2020,100
Cambodia,Rupsha 800-Megawatt Combined Cycle Power Plant,G,Japan,Cofinancing Amount  ($ million),1 January 2016 - 31 December 2020,1.5
Cambodia,Rupsha 800-Megawatt Combined Cycle Power Plant,G,Japan,ADB Amount  ($ million),1 January 2016 - 31 December 2020,500
Cambodia,Rural Roads Improvement III,L,Republic of Korea,Cofinancing Amount  ($ million),1 January 2016 - 31 December 2020,60
Cambodia,Rural Roads Improvement III,L,Republic of Korea,ADB Amount  ($ million),1 January 2016 - 31 December 2020,60
Cambodia,Skills for Competitiveness,L,France,Cofinancing Amount  ($ million),1 January 2016 - 31 December 2020,19.92
Cambodia,Skills for Competitiveness,L,France,ADB Amount  ($ million),1 January 2016 - 31 December 2020,60
Cambodia,South Asia Subregional Economic Cooperation Dhaka-Northwest Corridor Road Phase 2 – Tranche 1,L,Japan,Cofinancing Amount  ($ million),1 January 2016 - 31 December 2020,242.52
Cambodia,South Asia Subregional Economic Cooperation Dhaka-Northwest Corridor Road Phase 2 – Tranche 1,L,Japan,ADB Amount  ($ million),1 January 2016 - 31 December 2020,300
Cambodia,South Asia Subregional Economic Cooperation Road Connectivityᶜ,L,Japan,Cofinancing Amount  ($ million),1 January 2016 - 31 December 2020,279.27
Cambodia,South Asia Subregional Economic Cooperation Road Connectivityᶜ,L,Japan,ADB Amount  ($ million),1 January 2016 - 31 December 2020,
Cambodia,Southwest Transmission Grid Expansion,G,Japan,Cofinancing Amount  ($ million),1 January 2016 - 31 December 2020,7
Cambodia,Southwest Transmission Grid Expansion,G,Japan,ADB Amount  ($ million),1 January 2016 - 31 December 2020,350
Cambodia,Technical and Vocational Education and Training Sector Development Program – Additional Financingc,L,France,Cofinancing Amount  ($ million),1 January 2016 - 31 December 2020,15
Cambodia,Technical and Vocational Education and Training Sector Development Program – Additional Financingc,L,France,ADB Amount  ($ million),1 January 2016 - 31 December 2020,30
Cambodia,Urban Water Supply,L,France,Cofinancing Amount  ($ million),1 January 2016 - 31 December 2020,9
Cambodia,Urban Water Supply,L,France,ADB Amount  ($ million),1 January 2016 - 31 December 2020,34
Cook Islands,COVID-19 Active Response and Economic Support Program,G,New Zealand,Cofinancing Amount  ($ million),1 January 2016 - 31 December 2020,9.9
Cook Islands,COVID-19 Active Response and Economic Support Program,G,New Zealand,ADB Amount  ($ million),1 January 2016 - 31 December 2020,20
Federated States of Micronesia,Improving the Quality of Basic Education in the North Pacific,G,Australia,Cofinancing Amount  ($ million),1 January 2016 - 31 December 2020,1.8
Federated States of Micronesia,Improving the Quality of Basic Education in the North Pacific,G,Australia,ADB Amount  ($ million),1 January 2016 - 31 December 2020,13
Fiji,Sustained Private Sector-Led Growth Reform Program - Subprogram 3,G,Australia,Cofinancing Amount  ($ million),1 January 2016 - 31 December 2020,0.7
Fiji,Sustained Private Sector-Led Growth Reform Program - Subprogram 3,G,Australia,ADB Amount  ($ million),1 January 2016 - 31 December 2020,200
Fiji,Sustained Private Sector-Led Growth Reform Program – Subprogram 2,G,New Zealand,Cofinancing Amount  ($ million),1 January 2016 - 31 December 2020,1.7
Fiji,Sustained Private Sector-Led Growth Reform Program – Subprogram 2,G,New Zealand,ADB Amount  ($ million),1 January 2016 - 31 December 2020,65
Georgia,Georgian Green Bond Project,NS,Germany,Cofinancing Amount  ($ million),1 January 2016 - 31 December 2020,45
Georgia,Georgian Green Bond Project,NS,Germany,ADB Amount  ($ million),1 January 2016 - 31 December 2020,20
India,Assam Power Sector Investment Program - Tranche 3,G,Japan,Cofinancing Amount  ($ million),1 January 2016 - 31 December 2020,2
India,Assam Power Sector Investment Program - Tranche 3,G,Japan,ADB Amount  ($ million),1 January 2016 - 31 December 2020,231
India,Avaada Solar Phase 2 Project,NS,Netherlands,Cofinancing Amount  ($ million),1 January 2016 - 31 December 2020,10
India,Avaada Solar Phase 2 Project,NS,Netherlands,ADB Amount  ($ million),1 January 2016 - 31 December 2020,7.5
India,Avaada Solar Phase 2 Project,NS,Germany,Cofinancing Amount  ($ million),1 January 2016 - 31 December 2020,10
India,Avaada Solar Phase 2 Project,NS,Germany,ADB Amount  ($ million),1 January 2016 - 31 December 2020,7.5
India,Avaada Solar Phase 2 Project,NS,France,Cofinancing Amount  ($ million),1 January 2016 - 31 December 2020,5
India,Avaada Solar Phase 2 Project,NS,France,ADB Amount  ($ million),1 January 2016 - 31 December 2020,7.5
India,Avaada Solar Project,NS,Netherlands,Cofinancing Amount  ($ million),1 January 2016 - 31 December 2020,25
India,Avaada Solar Project,NS,Netherlands,ADB Amount  ($ million),1 January 2016 - 31 December 2020,25
India,Avaada Solar Project,NS,Japan,Cofinancing Amount  ($ million),1 January 2016 - 31 December 2020,25
India,Avaada Solar Project,NS,Japan,ADB Amount  ($ million),1 January 2016 - 31 December 2020,25
India,Avaada Solar Project,NS,Germany,Cofinancing Amount  ($ million),1 January 2016 - 31 December 2020,25
India,Avaada Solar Project,NS,Germany,ADB Amount  ($ million),1 January 2016 - 31 December 2020,25
India,Delhi-Meerut Regional Rapid Transit System Investment - Tranche 1,G,Japan,Cofinancing Amount  ($ million),1 January 2016 - 31 December 2020,3
India,Delhi-Meerut Regional Rapid Transit System Investment - Tranche 1,G,Japan,ADB Amount  ($ million),1 January 2016 - 31 December 2020,500
India,"Expanding Credit Delivery for Micro-, Small-, and Medium-Sized Enterprises Project",NS,France,Cofinancing Amount  ($ million),1 January 2016 - 31 December 2020,24.33
India,"Expanding Credit Delivery for Micro-, Small-, and Medium-Sized Enterprises Project",NS,France,ADB Amount  ($ million),1 January 2016 - 31 December 2020,150
India,"Expanding Micro, Small and Medium Enterprise Lending Project",NS,Japan,Cofinancing Amount  ($ million),1 January 2016 - 31 December 2020,11.2
India,"Expanding Micro, Small and Medium Enterprise Lending Project",NS,Japan,ADB Amount  ($ million),1 January 2016 - 31 December 2020,147.98
India,"Expanding Micro, Small and Medium Enterprise Lending Project",NS,France,Cofinancing Amount  ($ million),1 January 2016 - 31 December 2020,7.54
India,"Expanding Micro, Small and Medium Enterprise Lending Project",NS,France,ADB Amount  ($ million),1 January 2016 - 31 December 2020,147.98
India,"Expanding Micro, Small, Medium-Sized Enterprise, Lending Project",NS,Japan,Cofinancing Amount  ($ million),1 January 2016 - 31 December 2020,19.75
India,"Expanding Micro, Small, Medium-Sized Enterprise, Lending Project",NS,Japan,ADB Amount  ($ million),1 January 2016 - 31 December 2020,150
India,"Expanding Micro, Small, Medium-Sized Enterprise, Lending Project",NS,France,Cofinancing Amount  ($ million),1 January 2016 - 31 December 2020,35.85
India,"Expanding Micro, Small, Medium-Sized Enterprise, Lending Project",NS,France,ADB Amount  ($ million),1 January 2016 - 31 December 2020,150
India,"Expanding Micro, Small, Medium-Sized Enterprise, Lending Project (Fullerton)",NS,Switzerland,Cofinancing Amount  ($ million),1 January 2016 - 31 December 2020,16.6
India,"Expanding Micro, Small, Medium-Sized Enterprise, Lending Project (Fullerton)",NS,Switzerland,ADB Amount  ($ million),1 January 2016 - 31 December 2020,150
India,Green Energy Corridor and Grid Strenghtening Project,NS,Switzerland,Cofinancing Amount  ($ million),1 January 2016 - 31 December 2020,78.58
India,Green Energy Corridor and Grid Strenghtening Project,NS,Switzerland,ADB Amount  ($ million),1 January 2016 - 31 December 2020,500
India,Green Energy Corridor and Grid Strenghtening Project,NS,Germany,Cofinancing Amount  ($ million),1 January 2016 - 31 December 2020,16
India,Green Energy Corridor and Grid Strenghtening Project,NS,Germany,ADB Amount  ($ million),1 January 2016 - 31 December 2020,500
India,Green Energy Corridor and Grid Strengthening Project,NS,United States,Cofinancing Amount  ($ million),1 January 2016 - 31 December 2020,68.63
India,Green Energy Corridor and Grid Strengthening Project,NS,United States,ADB Amount  ($ million),1 January 2016 - 31 December 2020,500
India,Green Energy Corridor and Grid Strengthening Project,NS,France,Cofinancing Amount  ($ million),1 January 2016 - 31 December 2020,79.93
India,Green Energy Corridor and Grid Strengthening Project,NS,France,ADB Amount  ($ million),1 January 2016 - 31 December 2020,500
India,Gujarat Solar Power Project,NS,France,Cofinancing Amount  ($ million),1 January 2016 - 31 December 2020,62.44
India,Gujarat Solar Power Project,NS,France,ADB Amount  ($ million),1 January 2016 - 31 December 2020,62.41
India,Kutch Wind Project,NS,France,Cofinancing Amount  ($ million),1 January 2016 - 31 December 2020,30.23
India,Kutch Wind Project,NS,France,ADB Amount  ($ million),1 January 2016 - 31 December 2020,93
India,Meghalaya Power Distribution Sector Improvement,G,Japan,Cofinancing Amount  ($ million),1 January 2016 - 31 December 2020,2
India,Meghalaya Power Distribution Sector Improvement,G,Japan,ADB Amount  ($ million),1 January 2016 - 31 December 2020,132.8
India,Microfinance Risk Participation and Guarantee Program,NS,United States,Cofinancing Amount  ($ million),1 January 2016 - 31 December 2020,87.76
India,Microfinance Risk Participation and Guarantee Program,NS,United States,ADB Amount  ($ million),1 January 2016 - 31 December 2020,87.76
India,Microfinance Risk Participation and Guarantee Program,NS,United Kingdom,Cofinancing Amount  ($ million),1 January 2016 - 31 December 2020,278.7
India,Microfinance Risk Participation and Guarantee Program,NS,United Kingdom,ADB Amount  ($ million),1 January 2016 - 31 December 2020,340
India,Multiples Private Equity Fund III Limited,NS,Singapore,Cofinancing Amount  ($ million),1 January 2016 - 31 December 2020,10
India,Multiples Private Equity Fund III Limited,NS,Singapore,ADB Amount  ($ million),1 January 2016 - 31 December 2020,35
India,Multiples Private Equity Fund III Limited,NS,Luxembourg,Cofinancing Amount  ($ million),1 January 2016 - 31 December 2020,20
India,Multiples Private Equity Fund III Limited,NS,Luxembourg,ADB Amount  ($ million),1 January 2016 - 31 December 2020,35
India,Multiples Private Equity Fund III Limited,NS,Canada,Cofinancing Amount  ($ million),1 January 2016 - 31 December 2020,119.7
India,Multiples Private Equity Fund III Limited,NS,Canada,ADB Amount  ($ million),1 January 2016 - 31 December 2020,35
India,Northern Arc COVID-19 Livelihood Support Project,NS,Japan,Cofinancing Amount  ($ million),1 January 2016 - 31 December 2020,7.8
India,Northern Arc COVID-19 Livelihood Support Project,NS,Japan,ADB Amount  ($ million),1 January 2016 - 31 December 2020,40
India,Northern Arc COVID-19 Livelihood Support Project,NS,France,Cofinancing Amount  ($ million),1 January 2016 - 31 December 2020,8.33
India,Northern Arc COVID-19 Livelihood Support Project,NS,France,ADB Amount  ($ million),1 January 2016 - 31 December 2020,40
India,PNB Housing Finance Limited Low-Cost Affordable Housing Finance,NS,France,Cofinancing Amount  ($ million),1 January 2016 - 31 December 2020,7.3
India,PNB Housing Finance Limited Low-Cost Affordable Housing Finance,NS,France,ADB Amount  ($ million),1 January 2016 - 31 December 2020,150
India,Railways Track Electrification Project,NS,United States,Cofinancing Amount  ($ million),1 January 2016 - 31 December 2020,90.07
India,Railways Track Electrification Project,NS,United States,ADB Amount  ($ million),1 January 2016 - 31 December 2020,750
India,Railways Track Electrification Project,NS,Switzerland,Cofinancing Amount  ($ million),1 January 2016 - 31 December 2020,64.44
India,Railways Track Electrification Project,NS,Switzerland,ADB Amount  ($ million),1 January 2016 - 31 December 2020,750
India,Railways Track Electrification Project,NS,Germany,Cofinancing Amount  ($ million),1 January 2016 - 31 December 2020,50.59
India,Railways Track Electrification Project,NS,Germany,ADB Amount  ($ million),1 January 2016 - 31 December 2020,750
India,Railways Track Electrification Project,NS,France,Cofinancing Amount  ($ million),1 January 2016 - 31 December 2020,128.28
India,Railways Track Electrification Project,NS,France,ADB Amount  ($ million),1 January 2016 - 31 December 2020,750
India,Renew Clean Energy Project,NS,Japan,Cofinancing Amount  ($ million),1 January 2016 - 31 December 2020,101.48
India,Renew Clean Energy Project,NS,Japan,ADB Amount  ($ million),1 January 2016 - 31 December 2020,101.48
India,Senior Loan to IndusInd Bank to Promote Access to Finance for Women in Less Developed States,NS,United States,Cofinancing Amount  ($ million),1 January 2016 - 31 December 2020,23.75
India,Senior Loan to IndusInd Bank to Promote Access to Finance for Women in Less Developed States,NS,United States,ADB Amount  ($ million),1 January 2016 - 31 December 2020,200
India,Senior Loan to IndusInd Bank to Promote Access to Finance for Women in Less Developed States,NS,France,Cofinancing Amount  ($ million),1 January 2016 - 31 December 2020,26.31
India,Senior Loan to IndusInd Bank to Promote Access to Finance for Women in Less Developed States,NS,France,ADB Amount  ($ million),1 January 2016 - 31 December 2020,200
India,Senior Loan to RBL Bank,NS,France,Cofinancing Amount  ($ million),1 January 2016 - 31 December 2020,23.56
India,Senior Loan to RBL Bank,NS,France,ADB Amount  ($ million),1 January 2016 - 31 December 2020,151
India,Sovereign Guarantees,Gu,Sweden,Cofinancing Amount  ($ million),1 January 2016 - 31 December 2020,150.69
India,Sovereign Guarantees,Gu,Sweden,ADB Amount  ($ million),1 January 2016 - 31 December 2020,539
India,Strengthening Rural Financial Inclusion and Farmer Access to Markets,NS,Germany,Cofinancing Amount  ($ million),1 January 2016 - 31 December 2020,7.2
India,Strengthening Rural Financial Inclusion and Farmer Access to Markets,NS,Germany,ADB Amount  ($ million),1 January 2016 - 31 December 2020,200
India,Strengthening Rural Financial Inclusion and Farmer Access to Markets,NS,France,Cofinancing Amount  ($ million),1 January 2016 - 31 December 2020,6.57
India,Strengthening Rural Financial Inclusion and Farmer Access to Markets,NS,France,ADB Amount  ($ million),1 January 2016 - 31 December 2020,20
India,Supporting Access to Finance for Women in Less-Developed States Project,NS,Switzerland,Cofinancing Amount  ($ million),1 January 2016 - 31 December 2020,12.37
India,Supporting Access to Finance for Women in Less-Developed States Project,NS,Switzerland,ADB Amount  ($ million),1 January 2016 - 31 December 2020,200
India,Supporting Access to Finance for Women in Less-Developed States Project,NS,Japan,Cofinancing Amount  ($ million),1 January 2016 - 31 December 2020,11.81
India,Supporting Access to Finance for Women in Less-Developed States Project,NS,Japan,ADB Amount  ($ million),1 January 2016 - 31 December 2020,200
India,Supporting Access to Housing Finance for Women in Lower-Income Groups and in Lagging States,NS,France,Cofinancing Amount  ($ million),1 January 2016 - 31 December 2020,18.01
India,Supporting Access to Housing Finance for Women in Lower-Income Groups and in Lagging States,NS,France,ADB Amount  ($ million),1 January 2016 - 31 December 2020,60
India,Supporting Access to Housing Finance for Women in Lower-Income Groups and in Lagging States (Aavas),NS,Japan,Cofinancing Amount  ($ million),1 January 2016 - 31 December 2020,10.24
India,Supporting Access to Housing Finance for Women in Lower-Income Groups and in Lagging States (Aavas),NS,Japan,ADB Amount  ($ million),1 January 2016 - 31 December 2020,60
India,Tamil Nadu Urban Flagship Investment Program – Tranche 1,G,Japan,Cofinancing Amount  ($ million),1 January 2016 - 31 December 2020,2
India,Tamil Nadu Urban Flagship Investment Program – Tranche 1,G,Japan,ADB Amount  ($ million),1 January 2016 - 31 December 2020,169
India,West Bengal Drinking Water Sector Improvement,G,Japan,Cofinancing Amount  ($ million),1 January 2016 - 31 December 2020,3
India,West Bengal Drinking Water Sector Improvement,G,Japan,ADB Amount  ($ million),1 January 2016 - 31 December 2020,240
Indonesia,COVID-19 Active Response and Expenditure Support Program,L,Japan,Cofinancing Amount  ($ million),1 January 2016 - 31 December 2020,467.2
Indonesia,COVID-19 Active Response and Expenditure Support Program,L,Japan,ADB Amount  ($ million),1 January 2016 - 31 December 2020,1500
Indonesia,COVID-19 Active Response and Expenditure Support Program,L,Germany,Cofinancing Amount  ($ million),1 January 2016 - 31 December 2020,632.83
Indonesia,COVID-19 Active Response and Expenditure Support Program,L,Germany,ADB Amount  ($ million),1 January 2016 - 31 December 2020,1500
Indonesia,COVID-19 Active Response and Expenditure Support Program,L,Australia,Cofinancing Amount  ($ million),1 January 2016 - 31 December 2020,1092.15
Indonesia,COVID-19 Active Response and Expenditure Support Program,L,Australia,ADB Amount  ($ million),1 January 2016 - 31 December 2020,1500
Indonesia,Eastern Indonesia Renewable Energy – Phase 1,NS,Canada,Cofinancing Amount  ($ million),1 January 2016 - 31 December 2020,8.1
Indonesia,Eastern Indonesia Renewable Energy – Phase 1,NS,Canada,ADB Amount  ($ million),1 January 2016 - 31 December 2020,56.32
Indonesia,Eastern Indonesia Renewable Energy Project (Phase 1),NS,Japan,Cofinancing Amount  ($ million),1 January 2016 - 31 December 2020,56.33
Indonesia,Eastern Indonesia Renewable Energy Project (Phase 1),NS,Japan,ADB Amount  ($ million),1 January 2016 - 31 December 2020,56.32
Indonesia,Eastern Indonesia Renewable Energy Project (Phase 2),NS,Japan,Cofinancing Amount  ($ million),1 January 2016 - 31 December 2020,5.78
Indonesia,Eastern Indonesia Renewable Energy Project (Phase 2),NS,Japan,ADB Amount  ($ million),1 January 2016 - 31 December 2020,12.49
Indonesia,Fiscal and Public Expenditure Management Program Subprogram 1,L,Germany,Cofinancing Amount  ($ million),1 January 2016 - 31 December 2020,224
Indonesia,Fiscal and Public Expenditure Management Program Subprogram 1,L,Germany,ADB Amount  ($ million),1 January 2016 - 31 December 2020,500
Indonesia,Fiscal and Public Expenditure Management Program Subprogram 2,L,Germany,Cofinancing Amount  ($ million),1 January 2016 - 31 December 2020,239.02
Indonesia,Fiscal and Public Expenditure Management Program Subprogram 2,L,Germany,ADB Amount  ($ million),1 January 2016 - 31 December 2020,500
Indonesia,Fiscal and Public Expenditure Management Program Subprogram 3,L,Germany,Cofinancing Amount  ($ million),1 January 2016 - 31 December 2020,553.7
Indonesia,Fiscal and Public Expenditure Management Program Subprogram 3,L,Germany,ADB Amount  ($ million),1 January 2016 - 31 December 2020,500
Indonesia,Jawa-1 Liquefied Natural Gas-to-Power,NS,Japan,Cofinancing Amount  ($ million),1 January 2016 - 31 December 2020,579.59
Indonesia,Jawa-1 Liquefied Natural Gas-to-Power,NS,Japan,ADB Amount  ($ million),1 January 2016 - 31 December 2020,185.05
Indonesia,Jawa-1 Liquefied Natural Gas-to-Power,NS,France,Cofinancing Amount  ($ million),1 January 2016 - 31 December 2020,122.02
Indonesia,Jawa-1 Liquefied Natural Gas-to-Power,NS,France,ADB Amount  ($ million),1 January 2016 - 31 December 2020,185.05
Indonesia,Jawa-1 Liquefied Natural Gas-to-Power Project,NS,Singapore,Cofinancing Amount  ($ million),1 January 2016 - 31 December 2020,61.01
Indonesia,Jawa-1 Liquefied Natural Gas-to-Power Project,NS,Singapore,ADB Amount  ($ million),1 January 2016 - 31 December 2020,185.05
Indonesia,Maternity and Child Care Hospital Project,NS,Japan,Cofinancing Amount  ($ million),1 January 2016 - 31 December 2020,9.32
Indonesia,Maternity and Child Care Hospital Project,NS,Japan,ADB Amount  ($ million),1 January 2016 - 31 December 2020,9.25
Indonesia,Microfinance Risk Participation and Guarantee Program,NS,United Kingdom,Cofinancing Amount  ($ million),1 January 2016 - 31 December 2020,383.58
Indonesia,Microfinance Risk Participation and Guarantee Program,NS,United Kingdom,ADB Amount  ($ million),1 January 2016 - 31 December 2020,383.58
Indonesia,Muara Laboh Geothermal Power,NS,Japan,Cofinancing Amount  ($ million),1 January 2016 - 31 December 2020,330.43
Indonesia,Muara Laboh Geothermal Power,NS,Japan,ADB Amount  ($ million),1 January 2016 - 31 December 2020,70
Indonesia,Promoting Innovative Financial Inclusion Program - Subprogram 1,L,Germany,Cofinancing Amount  ($ million),1 January 2016 - 31 December 2020,227.13
Indonesia,Promoting Innovative Financial Inclusion Program - Subprogram 1,L,Germany,ADB Amount  ($ million),1 January 2016 - 31 December 2020,500
Indonesia,Rantau Dedap Geothermal Power Project - Phase 2,NS,Japan,Cofinancing Amount  ($ million),1 January 2016 - 31 December 2020,314.67
Indonesia,Rantau Dedap Geothermal Power Project - Phase 2,NS,Japan,ADB Amount  ($ million),1 January 2016 - 31 December 2020,175.32
Indonesia,Riau Natural Gas Power Project,NS,Japan,Cofinancing Amount  ($ million),1 January 2016 - 31 December 2020,82
Indonesia,Riau Natural Gas Power Project,NS,Japan,ADB Amount  ($ million),1 January 2016 - 31 December 2020,147.9
Indonesia,Stepping Up Investments for Growth Acceleration Program – Subprogram 1c,L,Germany,Cofinancing Amount  ($ million),1 January 2016 - 31 December 2020,45
Indonesia,Stepping Up Investments for Growth Acceleration Program – Subprogram 1c,L,Germany,ADB Amount  ($ million),1 January 2016 - 31 December 2020,
Indonesia,Stepping Up Investments for Growth Acceleration Program – Subprogram 2,L,Germany,Cofinancing Amount  ($ million),1 January 2016 - 31 December 2020,224.6
Indonesia,Stepping Up Investments for Growth Acceleration Program – Subprogram 2,L,Germany,ADB Amount  ($ million),1 January 2016 - 31 December 2020,500
Indonesia,Stepping Up Investments for Growth Acceleration Program – Subprogram 3,L,Germany,Cofinancing Amount  ($ million),1 January 2016 - 31 December 2020,340.32
Indonesia,Stepping Up Investments for Growth Acceleration Program – Subprogram 3,L,Germany,ADB Amount  ($ million),1 January 2016 - 31 December 2020,500
Indonesia,Sustainable and Inclusive Energy Program – Subprogram 2,L,Germany,Cofinancing Amount  ($ million),1 January 2016 - 31 December 2020,210
Indonesia,Sustainable and Inclusive Energy Program – Subprogram 2,L,Germany,ADB Amount  ($ million),1 January 2016 - 31 December 2020,400
Indonesia,Sustainable and Inclusive Energy Program – Subprogram 2,L,France,Cofinancing Amount  ($ million),1 January 2016 - 31 December 2020,110
Indonesia,Sustainable and Inclusive Energy Program – Subprogram 2,L,France,ADB Amount  ($ million),1 January 2016 - 31 December 2020,400
Indonesia,Sustainable Energy Access in Eastern Indonesia — Electricity Grid Development Program (Phase 2),G,Japan,Cofinancing Amount  ($ million),1 January 2016 - 31 December 2020,6
Indonesia,Sustainable Energy Access in Eastern Indonesia — Electricity Grid Development Program (Phase 2),G,Japan,ADB Amount  ($ million),1 January 2016 - 31 December 2020,600
Indonesia,Sustainable Energy Access in Eastern Indonesia- Electricity Grid Development Program,L,Germany,Cofinancing Amount  ($ million),1 January 2016 - 31 December 2020,310
Indonesia,Sustainable Energy Access in Eastern Indonesia- Electricity Grid Development Program,L,Germany,ADB Amount  ($ million),1 January 2016 - 31 December 2020,600
Indonesia,Tangguh Liquefied Natural Gas Expansion Project,NS,Republic of Korea,Cofinancing Amount  ($ million),1 January 2016 - 31 December 2020,50
Indonesia,Tangguh Liquefied Natural Gas Expansion Project,NS,Republic of Korea,ADB Amount  ($ million),1 January 2016 - 31 December 2020,400
Indonesia,Tangguh Liquefied Natural Gas Expansion Project,NS,Germany,Cofinancing Amount  ($ million),1 January 2016 - 31 December 2020,50
Indonesia,Tangguh Liquefied Natural Gas Expansion Project,NS,Germany,ADB Amount  ($ million),1 January 2016 - 31 December 2020,400
Indonesia,Tangguh Liquefied Natural Gas Expansion Project,NS,France,Cofinancing Amount  ($ million),1 January 2016 - 31 December 2020,210
Indonesia,Tangguh Liquefied Natural Gas Expansion Project,NS,France,ADB Amount  ($ million),1 January 2016 - 31 December 2020,400
Indonesia,Tangguh LNG Expansion Project,NS,Japan,Cofinancing Amount  ($ million),1 January 2016 - 31 December 2020,2060
Indonesia,Tangguh LNG Expansion Project,NS,Japan,ADB Amount  ($ million),1 January 2016 - 31 December 2020,400
Kazakhstan,Total Eren Access M-KAT Solar Power,NS,Switzerland,Cofinancing Amount  ($ million),1 January 2016 - 31 December 2020,12.28
Kazakhstan,Total Eren Access M-KAT Solar Power,NS,Switzerland,ADB Amount  ($ million),1 January 2016 - 31 December 2020,30.49
Kiribati,South Tarawa Renewable Energy,G,New Zealand,Cofinancing Amount  ($ million),1 January 2016 - 31 December 2020,2
Kiribati,South Tarawa Renewable Energy,G,New Zealand,ADB Amount  ($ million),1 January 2016 - 31 December 2020,8
Kiribati,Strengthening Economic Management Reform Program – Subprogram 1,G,Australia,Cofinancing Amount  ($ million),1 January 2016 - 31 December 2020,0.4
Kiribati,Strengthening Economic Management Reform Program – Subprogram 1,G,Australia,ADB Amount  ($ million),1 January 2016 - 31 December 2020,5
Kiribati,Strengthening Economic Management Reform Program – Subprogram 2,G,Australia,Cofinancing Amount  ($ million),1 January 2016 - 31 December 2020,0.36
Kiribati,Strengthening Economic Management Reform Program – Subprogram 2,G,Australia,ADB Amount  ($ million),1 January 2016 - 31 December 2020,2.5
Lao People’s Democratic Republic,Pakse Urban Environmental Improvement,L,Republic of Korea,Cofinancing Amount  ($ million),1 January 2016 - 31 December 2020,53.06
Lao People’s Democratic Republic,Pakse Urban Environmental Improvement,L,Republic of Korea,ADB Amount  ($ million),1 January 2016 - 31 December 2020,27.5
Laos,Sustainable Rural Infrastructure and Watershed Management Sectorᶜ,G,Germany,Cofinancing Amount  ($ million),1 January 2016 - 31 December 2020,24.71
Laos,Sustainable Rural Infrastructure and Watershed Management Sectorᶜ,G,Germany,ADB Amount  ($ million),1 January 2016 - 31 December 2020,
Maldives,COVID-19 Active Response and Expenditure Support Program,L,Japan,Cofinancing Amount  ($ million),1 January 2016 - 31 December 2020,47.36
Maldives,COVID-19 Active Response and Expenditure Support Program,L,Japan,ADB Amount  ($ million),1 January 2016 - 31 December 2020,50
Maldives,Greater Malé Environmental Improvement and Waste Management,G,Japan,Cofinancing Amount  ($ million),1 January 2016 - 31 December 2020,2
Maldives,Greater Malé Environmental Improvement and Waste Management,G,Japan,ADB Amount  ($ million),1 January 2016 - 31 December 2020,33.07
Maldives,Greater Male Waste-to-Energy,G,Japan,Cofinancing Amount  ($ million),1 January 2016 - 31 December 2020,10
Maldives,Greater Male Waste-to-Energy,G,Japan,ADB Amount  ($ million),1 January 2016 - 31 December 2020,73.39
Mongolia,Combating Domestic Violence Against Women and Children,G,Japan,Cofinancing Amount  ($ million),1 January 2016 - 31 December 2020,3
Mongolia,Combating Domestic Violence Against Women and Children,G,Japan,ADB Amount  ($ million),1 January 2016 - 31 December 2020,
Mongolia,Community Vegetable Farming for Livelihood Improvement,G,Japan,Cofinancing Amount  ($ million),1 January 2016 - 31 December 2020,3
Mongolia,Community Vegetable Farming for Livelihood Improvement,G,Japan,ADB Amount  ($ million),1 January 2016 - 31 December 2020,
Mongolia,Ensuring Inclusiveness and Service Delivery for Persons with Disabilities,G,Japan,Cofinancing Amount  ($ million),1 January 2016 - 31 December 2020,2
Mongolia,Ensuring Inclusiveness and Service Delivery for Persons with Disabilities,G,Japan,ADB Amount  ($ million),1 January 2016 - 31 December 2020,25
Mongolia,Improving Access to Health Services for Disadvantaged Groups Investment Program – Tranche 1,G,Japan,Cofinancing Amount  ($ million),1 January 2016 - 31 December 2020,3.48
Mongolia,Improving Access to Health Services for Disadvantaged Groups Investment Program – Tranche 1,G,Japan,ADB Amount  ($ million),1 January 2016 - 31 December 2020,76.14
Mongolia,Improving School Dormitory Environment for Primary Students in Western Region,G,Japan,Cofinancing Amount  ($ million),1 January 2016 - 31 December 2020,3
Mongolia,Improving School Dormitory Environment for Primary Students in Western Region,G,Japan,ADB Amount  ($ million),1 January 2016 - 31 December 2020,
Mongolia,Improving Transport Services in Ger Areas,G,Japan,Cofinancing Amount  ($ million),1 January 2016 - 31 December 2020,2
Mongolia,Improving Transport Services in Ger Areas,G,Japan,ADB Amount  ($ million),1 January 2016 - 31 December 2020,
Mongolia,Integrated Livelihoods Improvement and Sustainable Tourism in Khuvsgul Lake National Park,G,Japan,Cofinancing Amount  ($ million),1 January 2016 - 31 December 2020,3
Mongolia,Integrated Livelihoods Improvement and Sustainable Tourism in Khuvsgul Lake National Park,G,Japan,ADB Amount  ($ million),1 January 2016 - 31 December 2020,
Mongolia,Managing Soil Pollution in Ger Areas through Improved On-Site Sanitation,G,Japan,Cofinancing Amount  ($ million),1 January 2016 - 31 December 2020,2.8
Mongolia,Managing Soil Pollution in Ger Areas through Improved On-Site Sanitation,G,Japan,ADB Amount  ($ million),1 January 2016 - 31 December 2020,
Mongolia,Managing Solid Waste in Secondary Cities,G,Japan,Cofinancing Amount  ($ million),1 January 2016 - 31 December 2020,2
Mongolia,Managing Solid Waste in Secondary Cities,G,Japan,ADB Amount  ($ million),1 January 2016 - 31 December 2020,
Mongolia,Sermsang Khusig Khundii Solar Project,NS,Japan,Cofinancing Amount  ($ million),1 January 2016 - 31 December 2020,9.1
Mongolia,Sermsang Khusig Khundii Solar Project,NS,Japan,ADB Amount  ($ million),1 January 2016 - 31 December 2020,9.6
Mongolia,Strengthening Community Resilience to Dzud and Forest and Steppe Fires,G,Japan,Cofinancing Amount  ($ million),1 January 2016 - 31 December 2020,3
Mongolia,Strengthening Community Resilience to Dzud and Forest and Steppe Fires,G,Japan,ADB Amount  ($ million),1 January 2016 - 31 December 2020,
Mongolia,Support for Inclusive Education,G,Japan,Cofinancing Amount  ($ million),1 January 2016 - 31 December 2020,2
Mongolia,Support for Inclusive Education,G,Japan,ADB Amount  ($ million),1 January 2016 - 31 December 2020,
Mongolia,Ulaanbaatar Air Quality Improvement Program,L,Republic of Korea,Cofinancing Amount  ($ million),1 January 2016 - 31 December 2020,60
Mongolia,Ulaanbaatar Air Quality Improvement Program,L,Republic of Korea,ADB Amount  ($ million),1 January 2016 - 31 December 2020,130
Mongolia,Ulaanbaatar Community Food Waste Recycling,G,Japan,Cofinancing Amount  ($ million),1 January 2016 - 31 December 2020,3
Mongolia,Ulaanbaatar Community Food Waste Recycling,G,Japan,ADB Amount  ($ million),1 January 2016 - 31 December 2020,
Mongolia,Upscaling Renewable Energy Sector,G,Japan,Cofinancing Amount  ($ million),1 January 2016 - 31 December 2020,6
Mongolia,Upscaling Renewable Energy Sector,G,Japan,ADB Amount  ($ million),1 January 2016 - 31 December 2020,40
Mongolia,Vegetable Production and Irrigated Agriculture,G,Japan,Cofinancing Amount  ($ million),1 January 2016 - 31 December 2020,2
Mongolia,Vegetable Production and Irrigated Agriculture,G,Japan,ADB Amount  ($ million),1 January 2016 - 31 December 2020,40
Myanmar,Ascent Myanmar Growth Fund I L.P.,NS,Singapore,Cofinancing Amount  ($ million),1 January 2016 - 31 December 2020,43.6
Myanmar,Ascent Myanmar Growth Fund I L.P.,NS,Singapore,ADB Amount  ($ million),1 January 2016 - 31 December 2020,10
Myanmar,Economic Empowerment of the Poor and Women in the East-West Economic Corridor,G,Japan,Cofinancing Amount  ($ million),1 January 2016 - 31 December 2020,3
Myanmar,Economic Empowerment of the Poor and Women in the East-West Economic Corridor,G,Japan,ADB Amount  ($ million),1 January 2016 - 31 December 2020,
Myanmar,Emergency Support for Chin State Livelihoods Restoration,G,Japan,Cofinancing Amount  ($ million),1 January 2016 - 31 December 2020,10
Myanmar,Emergency Support for Chin State Livelihoods Restoration,G,Japan,ADB Amount  ($ million),1 January 2016 - 31 December 2020,
Myanmar,Greater Mekong Subregion (GMS) East-West Economic Corridor Eindu to Kawkareik Road Improvementc,L,Japan,Cofinancing Amount  ($ million),1 January 2016 - 31 December 2020,284.88
Myanmar,Greater Mekong Subregion (GMS) East-West Economic Corridor Eindu to Kawkareik Road Improvementc,L,Japan,ADB Amount  ($ million),1 January 2016 - 31 December 2020,
Myanmar,Irrigated Agriculture Inclusive Development,L,France,Cofinancing Amount  ($ million),1 January 2016 - 31 December 2020,27.9
Myanmar,Irrigated Agriculture Inclusive Development,L,France,ADB Amount  ($ million),1 January 2016 - 31 December 2020,75
Myanmar,Mandalay Urban Services Improvement,L,France,Cofinancing Amount  ($ million),1 January 2016 - 31 December 2020,46
Myanmar,Mandalay Urban Services Improvement,L,France,ADB Amount  ($ million),1 January 2016 - 31 December 2020,60
Myanmar,Myingyan Natural Gas Power Plant,NS,United States,Cofinancing Amount  ($ million),1 January 2016 - 31 December 2020,21.55
Myanmar,Myingyan Natural Gas Power Plant,NS,United States,ADB Amount  ($ million),1 January 2016 - 31 December 2020,139.26
Myanmar,Myingyan Natural Gas Power Plant,NS,Singapore,Cofinancing Amount  ($ million),1 January 2016 - 31 December 2020,96.84
Myanmar,Myingyan Natural Gas Power Plant,NS,Singapore,ADB Amount  ($ million),1 January 2016 - 31 December 2020,139.26
Myanmar,Myingyan Natural Gas Power Plant,NS,Germany,Cofinancing Amount  ($ million),1 January 2016 - 31 December 2020,5.05
Myanmar,Myingyan Natural Gas Power Plant,NS,Germany,ADB Amount  ($ million),1 January 2016 - 31 December 2020,139.26
Myanmar,Myingyan Natural Gas Power Project,NS,Switzerland,Cofinancing Amount  ($ million),1 January 2016 - 31 December 2020,21.55
Myanmar,Myingyan Natural Gas Power Project,NS,Switzerland,ADB Amount  ($ million),1 January 2016 - 31 December 2020,139.26
Myanmar,Nationwide Data Connectivity Project,NS,United States,Cofinancing Amount  ($ million),1 January 2016 - 31 December 2020,5
Myanmar,Nationwide Data Connectivity Project,NS,United States,ADB Amount  ($ million),1 January 2016 - 31 December 2020,150
Myanmar,Nationwide Data Connectivity Project,NS,Switzerland,Cofinancing Amount  ($ million),1 January 2016 - 31 December 2020,26.95
Myanmar,Nationwide Data Connectivity Project,NS,Switzerland,ADB Amount  ($ million),1 January 2016 - 31 December 2020,150
Myanmar,Nationwide Data Connectivity Project,NS,Germany,Cofinancing Amount  ($ million),1 January 2016 - 31 December 2020,30.55
Myanmar,Nationwide Data Connectivity Project,NS,Germany,ADB Amount  ($ million),1 January 2016 - 31 December 2020,150
Myanmar,Nationwide Data Connectivity Project,NS,France,Cofinancing Amount  ($ million),1 January 2016 - 31 December 2020,58.34
Myanmar,Nationwide Data Connectivity Project,NS,France,ADB Amount  ($ million),1 January 2016 - 31 December 2020,150
Myanmar,Power Transmission Improvementc,L,Republic of Korea,Cofinancing Amount  ($ million),1 January 2016 - 31 December 2020,100
Myanmar,Power Transmission Improvementc,L,Republic of Korea,ADB Amount  ($ million),1 January 2016 - 31 December 2020,
Myanmar,Power Transmission Improvementᶜ,L,Japan,Cofinancing Amount  ($ million),1 January 2016 - 31 December 2020,552.35
Myanmar,Power Transmission Improvementᶜ,L,Japan,ADB Amount  ($ million),1 January 2016 - 31 December 2020,
Myanmar,Resilient Community Development,G,Japan,Cofinancing Amount  ($ million),1 January 2016 - 31 December 2020,3
Myanmar,Resilient Community Development,G,Japan,ADB Amount  ($ million),1 January 2016 - 31 December 2020,195
Myanmar,Second Greater Mekong Subregion Highway Modernization,L,Japan,Cofinancing Amount  ($ million),1 January 2016 - 31 December 2020,254.8
Myanmar,Second Greater Mekong Subregion Highway Modernization,L,Japan,ADB Amount  ($ million),1 January 2016 - 31 December 2020,483.8
Myanmar,Yangon Urban Renewal and District Cooling,NS,Netherlands,Cofinancing Amount  ($ million),1 January 2016 - 31 December 2020,17.5
Myanmar,Yangon Urban Renewal and District Cooling,NS,Netherlands,ADB Amount  ($ million),1 January 2016 - 31 December 2020,70
Myanmar,Yangon Urban Renewal and District Cooling,NS,Japan,Cofinancing Amount  ($ million),1 January 2016 - 31 December 2020,17.5
Myanmar,Yangon Urban Renewal and District Cooling,NS,Japan,ADB Amount  ($ million),1 January 2016 - 31 December 2020,70
Nauru,Fiscal Sustainability Reform Program,G,Australia,Cofinancing Amount  ($ million),1 January 2016 - 31 December 2020,1.89
Nauru,Fiscal Sustainability Reform Program,G,Australia,ADB Amount  ($ million),1 January 2016 - 31 December 2020,2
Nauru,Improving Public Investment Management Program,G,New Zealand,Cofinancing Amount  ($ million),1 January 2016 - 31 December 2020,0.32
Nauru,Improving Public Investment Management Program,G,New Zealand,ADB Amount  ($ million),1 January 2016 - 31 December 2020,5
Nauru,Sustainable and Climate-Resilient Connectivity,G,Australia,Cofinancing Amount  ($ million),1 January 2016 - 31 December 2020,14.08
Nauru,Sustainable and Climate-Resilient Connectivity,G,Australia,ADB Amount  ($ million),1 January 2016 - 31 December 2020,21.3
Nepal,Earthquake Emergency Assistance,L,Japan,Cofinancing Amount  ($ million),1 January 2016 - 31 December 2020,115.3
Nepal,Earthquake Emergency Assistance,L,Japan,ADB Amount  ($ million),1 January 2016 - 31 December 2020,200
Nepal,Earthquake Emergency Assistancec,G,United States,Cofinancing Amount  ($ million),1 January 2016 - 31 December 2020,10
Nepal,Earthquake Emergency Assistancec,G,United States,ADB Amount  ($ million),1 January 2016 - 31 December 2020,
Nepal,South Asia Subregional Economic Cooperation Power Transmission and Distribution System Strengthening,G,Norway,Cofinancing Amount  ($ million),1 January 2016 - 31 December 2020,35
Nepal,South Asia Subregional Economic Cooperation Power Transmission and Distribution System Strengthening,G,Norway,ADB Amount  ($ million),1 January 2016 - 31 December 2020,200
Nepal,Supporting School Sector Development Plan,G,Norway,Cofinancing Amount  ($ million),1 January 2016 - 31 December 2020,39.46
Nepal,Supporting School Sector Development Plan,G,Norway,ADB Amount  ($ million),1 January 2016 - 31 December 2020,120
Nepal,Supporting School Sector Development Plan,G,Japan,Cofinancing Amount  ($ million),1 January 2016 - 31 December 2020,3
Nepal,Supporting School Sector Development Plan,G,Japan,ADB Amount  ($ million),1 January 2016 - 31 December 2020,120
Nepal,Supporting School Sector Development Plan,G,Finland,Cofinancing Amount  ($ million),1 January 2016 - 31 December 2020,22.34
Nepal,Supporting School Sector Development Plan,G,Finland,ADB Amount  ($ million),1 January 2016 - 31 December 2020,120
Nepal,Supporting School Sector Development Plan,G,Australia,Cofinancing Amount  ($ million),1 January 2016 - 31 December 2020,9
Nepal,Supporting School Sector Development Plan,G,Australia,ADB Amount  ($ million),1 January 2016 - 31 December 2020,120
Nepal,Tanahu Hydropowerᶜ,G,Germany,Cofinancing Amount  ($ million),1 January 2016 - 31 December 2020,33.55
Nepal,Tanahu Hydropowerᶜ,G,Germany,ADB Amount  ($ million),1 January 2016 - 31 December 2020,
Nepal,Upper Trishuli-1 Hydropower Project,NS,Republic of Korea,Cofinancing Amount  ($ million),1 January 2016 - 31 December 2020,80.76
Nepal,Upper Trishuli-1 Hydropower Project,NS,Republic of Korea,ADB Amount  ($ million),1 January 2016 - 31 December 2020,30
Nepal,Upper Trishuli-1 Hydropower Project,NS,Canada,Cofinancing Amount  ($ million),1 January 2016 - 31 December 2020,30
Nepal,Upper Trishuli-1 Hydropower Project,NS,Canada,ADB Amount  ($ million),1 January 2016 - 31 December 2020,30
Pakistan,Access to Clean Energy Investment Program,L,France,Cofinancing Amount  ($ million),1 January 2016 - 31 December 2020,78.6
Pakistan,Access to Clean Energy Investment Program,L,France,ADB Amount  ($ million),1 January 2016 - 31 December 2020,325
Pakistan,Balochistan Water Resources Development Sector,G,Japan,Cofinancing Amount  ($ million),1 January 2016 - 31 December 2020,3
Pakistan,Balochistan Water Resources Development Sector,G,Japan,ADB Amount  ($ million),1 January 2016 - 31 December 2020,100
Pakistan,Emergency Assistance for Fighting the COVID-19 Pandemic,G,Norway,Cofinancing Amount  ($ million),1 January 2016 - 31 December 2020,5.28
Pakistan,Emergency Assistance for Fighting the COVID-19 Pandemic,G,Norway,ADB Amount  ($ million),1 January 2016 - 31 December 2020,300
Pakistan,Emergency Assistance for Fighting the COVID-19 Pandemic,L,France,Cofinancing Amount  ($ million),1 January 2016 - 31 December 2020,21.15
Pakistan,Emergency Assistance for Fighting the COVID-19 Pandemic,L,France,ADB Amount  ($ million),1 January 2016 - 31 December 2020,300
Pakistan,Energy Sector Reforms and Financial Sustainability Program – Subprogram 1,L,Republic of Korea,Cofinancing Amount  ($ million),1 January 2016 - 31 December 2020,80
Pakistan,Energy Sector Reforms and Financial Sustainability Program – Subprogram 1,L,Republic of Korea,ADB Amount  ($ million),1 January 2016 - 31 December 2020,300
Pakistan,Enhancing Public-Private Partnerships in Punjab,G,United Kingdom,Cofinancing Amount  ($ million),1 January 2016 - 31 December 2020,19.62
Pakistan,Enhancing Public-Private Partnerships in Punjab,G,United Kingdom,ADB Amount  ($ million),1 January 2016 - 31 December 2020,100
Pakistan,Karachi Bus Rapid Transit Red Line,L,France,Cofinancing Amount  ($ million),1 January 2016 - 31 December 2020,71.8
Pakistan,Karachi Bus Rapid Transit Red Line,L,France,ADB Amount  ($ million),1 January 2016 - 31 December 2020,235
Pakistan,Kashf Foundation Expanding Access to Credit for Women,NS,Netherlands,Cofinancing Amount  ($ million),1 January 2016 - 31 December 2020,5
Pakistan,Kashf Foundation Expanding Access to Credit for Women,NS,Netherlands,ADB Amount  ($ million),1 January 2016 - 31 December 2020,15
Pakistan,Kashf Foundation Expanding Access to Credit for Women,NS,Luxembourg,Cofinancing Amount  ($ million),1 January 2016 - 31 December 2020,5
Pakistan,Kashf Foundation Expanding Access to Credit for Women,NS,Luxembourg,ADB Amount  ($ million),1 January 2016 - 31 December 2020,15
Pakistan,National Disaster Risk Management Fund,G,Australia,Cofinancing Amount  ($ million),1 January 2016 - 31 December 2020,3.36
Pakistan,National Disaster Risk Management Fund,G,Australia,ADB Amount  ($ million),1 January 2016 - 31 December 2020,200
Pakistan,National Disaster Risk Management Fund – Additional Financingc,G,Switzerland,Cofinancing Amount  ($ million),1 January 2016 - 31 December 2020,1.5
Pakistan,National Disaster Risk Management Fund – Additional Financingc,G,Switzerland,ADB Amount  ($ million),1 January 2016 - 31 December 2020,
Pakistan,National Highway Network Development in Balochistan,G,United Kingdom,Cofinancing Amount  ($ million),1 January 2016 - 31 December 2020,72.4
Pakistan,National Highway Network Development in Balochistan,G,United Kingdom,ADB Amount  ($ million),1 January 2016 - 31 December 2020,122.6
Pakistan,National Motorway M-4 Gojra–Shorkot–Khanewal Section–Additional Financingc,G,United Kingdom,Cofinancing Amount  ($ million),1 January 2016 - 31 December 2020,34
Pakistan,National Motorway M-4 Gojra–Shorkot–Khanewal Section–Additional Financingc,G,United Kingdom,ADB Amount  ($ million),1 January 2016 - 31 December 2020,100
Pakistan,Peshawar Sustainable Bus Rapid Transit Corridor,L,France,Cofinancing Amount  ($ million),1 January 2016 - 31 December 2020,150
Pakistan,Peshawar Sustainable Bus Rapid Transit Corridor,L,France,ADB Amount  ($ million),1 January 2016 - 31 December 2020,335
Pakistan,Power Transmission Enhancement Investment Program – Tranche 4,L,France,Cofinancing Amount  ($ million),1 January 2016 - 31 December 2020,82.5
Pakistan,Power Transmission Enhancement Investment Program – Tranche 4,L,France,ADB Amount  ($ million),1 January 2016 - 31 December 2020,248
Pakistan,Supporting Public–Private Partnership Investments in Sindh Province,G,United Kingdom,Cofinancing Amount  ($ million),1 January 2016 - 31 December 2020,19.23
Pakistan,Supporting Public–Private Partnership Investments in Sindh Province,G,United Kingdom,ADB Amount  ($ million),1 January 2016 - 31 December 2020,100
Pakistan,Sustainable Energy Sector Reform Program – Subprogram 2c,L,Japan,Cofinancing Amount  ($ million),1 January 2016 - 31 December 2020,41.32
Pakistan,Sustainable Energy Sector Reform Program – Subprogram 2c,L,Japan,ADB Amount  ($ million),1 January 2016 - 31 December 2020,
Pakistan,Sustainable Energy Sector Reform Program – Subprogram 3,L,France,Cofinancing Amount  ($ million),1 January 2016 - 31 December 2020,108
Pakistan,Sustainable Energy Sector Reform Program – Subprogram 3,L,France,ADB Amount  ($ million),1 January 2016 - 31 December 2020,300
Palau,Disaster Resilient Clean Energy Financing,G,Japan,Cofinancing Amount  ($ million),1 January 2016 - 31 December 2020,3
Palau,Disaster Resilient Clean Energy Financing,G,Japan,ADB Amount  ($ million),1 January 2016 - 31 December 2020,
Papua New Guinea,Building Resilience to Climate Change in Papua New Guinea – Additional Financingᶜ,G,Australia,Cofinancing Amount  ($ million),1 January 2016 - 31 December 2020,2.98
Papua New Guinea,Building Resilience to Climate Change in Papua New Guinea – Additional Financingᶜ,G,Australia,ADB Amount  ($ million),1 January 2016 - 31 December 2020,
Papua New Guinea,Health Services Sector Development Program Subprogram 1 – Additional Financingᶜ,G,Australia,Cofinancing Amount  ($ million),1 January 2016 - 31 December 2020,38
Papua New Guinea,Health Services Sector Development Program Subprogram 1 – Additional Financingᶜ,G,Australia,ADB Amount  ($ million),1 January 2016 - 31 December 2020,
Papua New Guinea,Microfinance Expansion – Additional Financingᶜ,G,Australia,Cofinancing Amount  ($ million),1 January 2016 - 31 December 2020,0.24
Papua New Guinea,Microfinance Expansion – Additional Financingᶜ,G,Australia,ADB Amount  ($ million),1 January 2016 - 31 December 2020,
Papua New Guinea,Rural Primary Health Services Delivery – Additional Financingᶜ,G,Australia,Cofinancing Amount  ($ million),1 January 2016 - 31 December 2020,17.65
Papua New Guinea,Rural Primary Health Services Delivery – Additional Financingᶜ,G,Australia,ADB Amount  ($ million),1 January 2016 - 31 December 2020,
Papua New Guinea,Sustainable Highlands Highway Investment Program – Tranche 1,G,Australia,Cofinancing Amount  ($ million),1 January 2016 - 31 December 2020,11.5
Papua New Guinea,Sustainable Highlands Highway Investment Program – Tranche 1,G,Australia,ADB Amount  ($ million),1 January 2016 - 31 December 2020,302
Papua New Guinea,Town Electrification Investment Program – Tranche 1 – Additional Financingc,G,New Zealand,Cofinancing Amount  ($ million),1 January 2016 - 31 December 2020,4.77
Papua New Guinea,Town Electrification Investment Program – Tranche 1 – Additional Financingc,G,New Zealand,ADB Amount  ($ million),1 January 2016 - 31 December 2020,57.3
People’s Republic of China,Anhui Huangshan Xin’an River Ecological Protection and Green Development,L,Germany,Cofinancing Amount  ($ million),1 January 2016 - 31 December 2020,58.88
People’s Republic of China,Anhui Huangshan Xin’an River Ecological Protection and Green Development,L,Germany,ADB Amount  ($ million),1 January 2016 - 31 December 2020,100
People’s Republic of China,Beijing-Tianjin-Hebei Air Quality Improvement-Hebei Policy Reforms Program,L,Germany,Cofinancing Amount  ($ million),1 January 2016 - 31 December 2020,166.65
People’s Republic of China,Beijing-Tianjin-Hebei Air Quality Improvement-Hebei Policy Reforms Program,L,Germany,ADB Amount  ($ million),1 January 2016 - 31 December 2020,300
People’s Republic of China,"CDH VGC Fund II, L.P.",NS,United Kingdom,Cofinancing Amount  ($ million),1 January 2016 - 31 December 2020,48
People’s Republic of China,"CDH VGC Fund II, L.P.",NS,United Kingdom,ADB Amount  ($ million),1 January 2016 - 31 December 2020,30
People’s Republic of China,"CDH VGC Fund II, L.P.",NS,Germany,Cofinancing Amount  ($ million),1 January 2016 - 31 December 2020,30
People’s Republic of China,"CDH VGC Fund II, L.P.",NS,Germany,ADB Amount  ($ million),1 January 2016 - 31 December 2020,30
People’s Republic of China,Climate Resilient & Smart Urban Water Infrastructure,NS,Japan,Cofinancing Amount  ($ million),1 January 2016 - 31 December 2020,9.85
People’s Republic of China,Climate Resilient & Smart Urban Water Infrastructure,NS,Japan,ADB Amount  ($ million),1 January 2016 - 31 December 2020,200
People’s Republic of China,Climate Resilient & Smart Urban Water Infrastructure,NS,Germany,Cofinancing Amount  ($ million),1 January 2016 - 31 December 2020,8
People’s Republic of China,Climate Resilient & Smart Urban Water Infrastructure,NS,Germany,ADB Amount  ($ million),1 January 2016 - 31 December 2020,200
People’s Republic of China,Climate Resilient & Smart Urban Water Infrastructure,NS,France,Cofinancing Amount  ($ million),1 January 2016 - 31 December 2020,22.94
People’s Republic of China,Climate Resilient & Smart Urban Water Infrastructure,NS,France,ADB Amount  ($ million),1 January 2016 - 31 December 2020,200
People’s Republic of China,Dynagreen Waste-to-Energy Project,NS,"Taipei, China",Cofinancing Amount  ($ million),1 January 2016 - 31 December 2020,19.26
People’s Republic of China,Dynagreen Waste-to-Energy Project,NS,"Taipei, China",ADB Amount  ($ million),1 January 2016 - 31 December 2020,100
People’s Republic of China,Dynagreen Waste-to-Energy Project,NS,Republic of Korea,Cofinancing Amount  ($ million),1 January 2016 - 31 December 2020,12.04
People’s Republic of China,Dynagreen Waste-to-Energy Project,NS,Republic of Korea,ADB Amount  ($ million),1 January 2016 - 31 December 2020,100
People’s Republic of China,Dynagreen Waste-to-Energy Project,NS,Japan,Cofinancing Amount  ($ million),1 January 2016 - 31 December 2020,35.31
People’s Republic of China,Dynagreen Waste-to-Energy Project,NS,Japan,ADB Amount  ($ million),1 January 2016 - 31 December 2020,100
People’s Republic of China,Dynagreen Waste-to-Energy Project,NS,"Hong Kong, China",Cofinancing Amount  ($ million),1 January 2016 - 31 December 2020,14.13
People’s Republic of China,Dynagreen Waste-to-Energy Project,NS,"Hong Kong, China",ADB Amount  ($ million),1 January 2016 - 31 December 2020,100
People’s Republic of China,Dynagreen Waste-to-Energy Project,NS,France,Cofinancing Amount  ($ million),1 January 2016 - 31 December 2020,9.63
People’s Republic of China,Dynagreen Waste-to-Energy Project,NS,France,ADB Amount  ($ million),1 January 2016 - 31 December 2020,100
People’s Republic of China,Far East Horizon Health Care Finance in Rural Areas for COVID-19 Response,NS,Japan,Cofinancing Amount  ($ million),1 January 2016 - 31 December 2020,7.88
People’s Republic of China,Far East Horizon Health Care Finance in Rural Areas for COVID-19 Response,NS,Japan,ADB Amount  ($ million),1 January 2016 - 31 December 2020,75
People’s Republic of China,Far East Horizon Health Care Finance in Rural Areas for COVID-19 Response,NS,Germany,Cofinancing Amount  ($ million),1 January 2016 - 31 December 2020,12
People’s Republic of China,Far East Horizon Health Care Finance in Rural Areas for COVID-19 Response,NS,Germany,ADB Amount  ($ million),1 January 2016 - 31 December 2020,75
People’s Republic of China,Geothermal District Heating Project,NS,"Hong Kong, China",Cofinancing Amount  ($ million),1 January 2016 - 31 December 2020,70
People’s Republic of China,Geothermal District Heating Project,NS,"Hong Kong, China",ADB Amount  ($ million),1 January 2016 - 31 December 2020,50
People’s Republic of China,Guangxi Modern Technical and Vocational Education and Training Development Program,L,Germany,Cofinancing Amount  ($ million),1 January 2016 - 31 December 2020,200
People’s Republic of China,Guangxi Modern Technical and Vocational Education and Training Development Program,L,Germany,ADB Amount  ($ million),1 January 2016 - 31 December 2020,250
People’s Republic of China,Health Care Finance in Underdeveloped Provinces,NS,United States,Cofinancing Amount  ($ million),1 January 2016 - 31 December 2020,6.18
People’s Republic of China,Health Care Finance in Underdeveloped Provinces,NS,United States,ADB Amount  ($ million),1 January 2016 - 31 December 2020,150
People’s Republic of China,Health Care Finance in Underdeveloped Provinces,NS,Switzerland,Cofinancing Amount  ($ million),1 January 2016 - 31 December 2020,15.78
People’s Republic of China,Health Care Finance in Underdeveloped Provinces,NS,Switzerland,ADB Amount  ($ million),1 January 2016 - 31 December 2020,150
People’s Republic of China,Health Care Finance in Underdeveloped Provinces,NS,Germany,Cofinancing Amount  ($ million),1 January 2016 - 31 December 2020,7.61
People’s Republic of China,Health Care Finance in Underdeveloped Provinces,NS,Germany,ADB Amount  ($ million),1 January 2016 - 31 December 2020,150
People’s Republic of China,Health Care Finance in Underdeveloped Provinces,NS,France,Cofinancing Amount  ($ million),1 January 2016 - 31 December 2020,27.43
People’s Republic of China,Health Care Finance in Underdeveloped Provinces,NS,France,ADB Amount  ($ million),1 January 2016 - 31 December 2020,150
People’s Republic of China,Integrated and Sustainable Livestock Value Chain,NS,Germany,Cofinancing Amount  ($ million),1 January 2016 - 31 December 2020,7.84
People’s Republic of China,Integrated and Sustainable Livestock Value Chain,NS,Germany,ADB Amount  ($ million),1 January 2016 - 31 December 2020,40.25
People’s Republic of China,Jointown COVID-19 Pharmaceutical Distribution Expansion Project,NS,Germany,Cofinancing Amount  ($ million),1 January 2016 - 31 December 2020,35.4
People’s Republic of China,Jointown COVID-19 Pharmaceutical Distribution Expansion Project,NS,Germany,ADB Amount  ($ million),1 January 2016 - 31 December 2020,35.4
People’s Republic of China,New Energy Bus Leasing Project,NS,United States,Cofinancing Amount  ($ million),1 January 2016 - 31 December 2020,5.2
People’s Republic of China,New Energy Bus Leasing Project,NS,United States,ADB Amount  ($ million),1 January 2016 - 31 December 2020,80
People’s Republic of China,New Energy Bus Leasing Project,NS,Germany,Cofinancing Amount  ($ million),1 January 2016 - 31 December 2020,9.6
People’s Republic of China,New Energy Bus Leasing Project,NS,Germany,ADB Amount  ($ million),1 January 2016 - 31 December 2020,80
People’s Republic of China,New Energy Bus Leasing Project,NS,France,Cofinancing Amount  ($ million),1 January 2016 - 31 December 2020,15.56
People’s Republic of China,New Energy Bus Leasing Project,NS,France,ADB Amount  ($ million),1 January 2016 - 31 December 2020,80
People’s Republic of China,Shandong Green Development Fund,L,Germany,Cofinancing Amount  ($ million),1 January 2016 - 31 December 2020,113.69
People’s Republic of China,Shandong Green Development Fund,L,Germany,ADB Amount  ($ million),1 January 2016 - 31 December 2020,100
People’s Republic of China,Shandong Green Development Fund,L,France,Cofinancing Amount  ($ million),1 January 2016 - 31 December 2020,84.53
People’s Republic of China,Shandong Green Development Fund,L,France,ADB Amount  ($ million),1 January 2016 - 31 December 2020,100
People’s Republic of China,Sustainable Dairy Farming and Milk Safety Project,NS,Republic of Korea,Cofinancing Amount  ($ million),1 January 2016 - 31 December 2020,30.07
People’s Republic of China,Sustainable Dairy Farming and Milk Safety Project,NS,Republic of Korea,ADB Amount  ($ million),1 January 2016 - 31 December 2020,62.5
People’s Republic of China,Sustainable Dairy Farming and Milk Safety Project,NS,"Hong Kong, China",Cofinancing Amount  ($ million),1 January 2016 - 31 December 2020,11.26
People’s Republic of China,Sustainable Dairy Farming and Milk Safety Project,NS,"Hong Kong, China",ADB Amount  ($ million),1 January 2016 - 31 December 2020,62.5
People’s Republic of China,Urban-Rural Integration Water Distribution,NS,Australia,Cofinancing Amount  ($ million),1 January 2016 - 31 December 2020,32
People’s Republic of China,Urban-Rural Integration Water Distribution,NS,Australia,ADB Amount  ($ million),1 January 2016 - 31 December 2020,200
People’s Republic of China,Urban-Rural Integration Water Distribution Project,NS,"Taipei, China",Cofinancing Amount  ($ million),1 January 2016 - 31 December 2020,33
People’s Republic of China,Urban-Rural Integration Water Distribution Project,NS,"Taipei, China",ADB Amount  ($ million),1 January 2016 - 31 December 2020,200
People’s Republic of China,Urban-Rural Integration Water Distribution Project,NS,Japan,Cofinancing Amount  ($ million),1 January 2016 - 31 December 2020,15
People’s Republic of China,Urban-Rural Integration Water Distribution Project,NS,Japan,ADB Amount  ($ million),1 January 2016 - 31 December 2020,200
People’s Republic of China,Urban–Rural Integration Water Distribution,NS,Republic of Korea,Cofinancing Amount  ($ million),1 January 2016 - 31 December 2020,46
People’s Republic of China,Urban–Rural Integration Water Distribution,NS,Republic of Korea,ADB Amount  ($ million),1 January 2016 - 31 December 2020,100
People’s Republic of China,Urban–Rural Integration Water Distribution,NS,Italy,Cofinancing Amount  ($ million),1 January 2016 - 31 December 2020,9
People’s Republic of China,Urban–Rural Integration Water Distribution,NS,Italy,ADB Amount  ($ million),1 January 2016 - 31 December 2020,100
People’s Republic of China,Urban–Rural Integration Water Distribution,NS,"Hong Kong, China",Cofinancing Amount  ($ million),1 January 2016 - 31 December 2020,11
People’s Republic of China,Urban–Rural Integration Water Distribution,NS,"Hong Kong, China",ADB Amount  ($ million),1 January 2016 - 31 December 2020,200
Philippines,COVID-19 Active Response and Expenditure Support Program,L,Japan,Cofinancing Amount  ($ million),1 January 2016 - 31 December 2020,463.26
Philippines,COVID-19 Active Response and Expenditure Support Program,L,Japan,ADB Amount  ($ million),1 January 2016 - 31 December 2020,1500
Philippines,Emergency Assistance for Reconstruction and Recovery of Marawi,G,Japan,Cofinancing Amount  ($ million),1 January 2016 - 31 December 2020,3
Philippines,Emergency Assistance for Reconstruction and Recovery of Marawi,G,Japan,ADB Amount  ($ million),1 January 2016 - 31 December 2020,400
Philippines,Expanding Private Participation in Infrastructure Program – Subprogram 2,L,France,Cofinancing Amount  ($ million),1 January 2016 - 31 December 2020,179
Philippines,Expanding Private Participation in Infrastructure Program – Subprogram 2,L,France,ADB Amount  ($ million),1 January 2016 - 31 December 2020,300
Philippines,Inclusive Finance Development Program – Subprogram 1,L,France,Cofinancing Amount  ($ million),1 January 2016 - 31 December 2020,174
Philippines,Inclusive Finance Development Program – Subprogram 1,L,France,ADB Amount  ($ million),1 January 2016 - 31 December 2020,300
Philippines,Local Government Finance and Fiscal Decentralization Reform Program – Subprogram 2,L,France,Cofinancing Amount  ($ million),1 January 2016 - 31 December 2020,150
Philippines,Local Government Finance and Fiscal Decentralization Reform Program – Subprogram 2,L,France,ADB Amount  ($ million),1 January 2016 - 31 December 2020,250
Philippines,Malolos-Clark Railway – Tranche 1,L,Japan,Cofinancing Amount  ($ million),1 January 2016 - 31 December 2020,2011
Philippines,Malolos-Clark Railway – Tranche 1,L,Japan,ADB Amount  ($ million),1 January 2016 - 31 December 2020,1300
Philippines,Tiwi and Makban Geothermal Power Green Bonds Project,NS,Switzerland,Cofinancing Amount  ($ million),1 January 2016 - 31 December 2020,18.66
Philippines,Tiwi and Makban Geothermal Power Green Bonds Project,NS,Switzerland,ADB Amount  ($ million),1 January 2016 - 31 December 2020,221.81
Regional,Agricultural Value Chain Development Project,NS,Japan,Cofinancing Amount  ($ million),1 January 2016 - 31 December 2020,75
Regional,Agricultural Value Chain Development Project,NS,Japan,ADB Amount  ($ million),1 January 2016 - 31 December 2020,88
Regional,ASEAN Distributed Power Project,NS,Canada,Cofinancing Amount  ($ million),1 January 2016 - 31 December 2020,20
Regional,ASEAN Distributed Power Project,NS,Canada,ADB Amount  ($ million),1 January 2016 - 31 December 2020,57.75
Regional,ASEAN Distributed Power Project (Phase 2),NS,United States,Cofinancing Amount  ($ million),1 January 2016 - 31 December 2020,34.5
Regional,ASEAN Distributed Power Project (Phase 2),NS,United States,ADB Amount  ($ million),1 January 2016 - 31 December 2020,235
Regional,ASEAN Distributed Power Project (Phase 2),NS,France,Cofinancing Amount  ($ million),1 January 2016 - 31 December 2020,17.25
Regional,ASEAN Distributed Power Project (Phase 2),NS,France,ADB Amount  ($ million),1 January 2016 - 31 December 2020,235
Regional,Asia-Pacific Remote Broadband Internet Satellite Project,NS,Japan,Cofinancing Amount  ($ million),1 January 2016 - 31 December 2020,25
Regional,Asia-Pacific Remote Broadband Internet Satellite Project,NS,Japan,ADB Amount  ($ million),1 January 2016 - 31 December 2020,25
Regional,Asia-Pacific Remote Broadband Internet Satellite Project,NS,Germany,Cofinancing Amount  ($ million),1 January 2016 - 31 December 2020,60
Regional,Asia-Pacific Remote Broadband Internet Satellite Project,NS,Germany,ADB Amount  ($ million),1 January 2016 - 31 December 2020,25
Regional,DCDC Health Dialysis Network Project,NS,Japan,Cofinancing Amount  ($ million),1 January 2016 - 31 December 2020,5
Regional,DCDC Health Dialysis Network Project,NS,Japan,ADB Amount  ($ million),1 January 2016 - 31 December 2020,5
Regional,"Equity investment in Creador IV, L.P.",NS,United States,Cofinancing Amount  ($ million),1 January 2016 - 31 December 2020,5
Regional,"Equity investment in Creador IV, L.P.",NS,United States,ADB Amount  ($ million),1 January 2016 - 31 December 2020,50
Regional,"Equity Investment in Creador IV, L.P.",NS,United Kingdom,Cofinancing Amount  ($ million),1 January 2016 - 31 December 2020,9.3
Regional,"Equity Investment in Creador IV, L.P.",NS,United Kingdom,ADB Amount  ($ million),1 January 2016 - 31 December 2020,50
Regional,"Equity investment in Creador IV, L.P.",NS,Switzerland,Cofinancing Amount  ($ million),1 January 2016 - 31 December 2020,3
Regional,"Equity investment in Creador IV, L.P.",NS,Switzerland,ADB Amount  ($ million),1 January 2016 - 31 December 2020,50
Regional,"Equity investment in Creador IV, L.P.",NS,Luxembourg,Cofinancing Amount  ($ million),1 January 2016 - 31 December 2020,2
Regional,"Equity investment in Creador IV, L.P.",NS,Luxembourg,ADB Amount  ($ million),1 January 2016 - 31 December 2020,50
Regional,"Equity investment in Creador IV, L.P.",NS,"Hong Kong, China",Cofinancing Amount  ($ million),1 January 2016 - 31 December 2020,10
Regional,"Equity investment in Creador IV, L.P.",NS,"Hong Kong, China",ADB Amount  ($ million),1 January 2016 - 31 December 2020,50
Regional,"Equity investment in Creador IV, L.P.",NS,Germany,Cofinancing Amount  ($ million),1 January 2016 - 31 December 2020,45
Regional,"Equity investment in Creador IV, L.P.",NS,Germany,ADB Amount  ($ million),1 January 2016 - 31 December 2020,50
Regional,"Equity Investment in Exacta Asia Investment II, L.P.",NS,Japan,Cofinancing Amount  ($ million),1 January 2016 - 31 December 2020,61
Regional,"Equity Investment in Exacta Asia Investment II, L.P.",NS,Japan,ADB Amount  ($ million),1 January 2016 - 31 December 2020,25
Regional,Olam COVID-19 Smallholder Farmer Livelihood Support Project,NS,Japan,Cofinancing Amount  ($ million),1 January 2016 - 31 December 2020,11.82
Regional,Olam COVID-19 Smallholder Farmer Livelihood Support Project,NS,Japan,ADB Amount  ($ million),1 January 2016 - 31 December 2020,93.75
Regional,Olam COVID-19 Smallholder Farmer Livelihood Support Project,NS,Germany,Cofinancing Amount  ($ million),1 January 2016 - 31 December 2020,16
Regional,Olam COVID-19 Smallholder Farmer Livelihood Support Project,NS,Germany,ADB Amount  ($ million),1 January 2016 - 31 December 2020,93.75
Regional,Olam COVID-19 Smallholder Farmer Livelihood Support Project,NS,France,Cofinancing Amount  ($ million),1 January 2016 - 31 December 2020,33.25
Regional,Olam COVID-19 Smallholder Farmer Livelihood Support Project,NS,France,ADB Amount  ($ million),1 January 2016 - 31 December 2020,93.75
Regional,Supply Chain Finance Program,NS,United Kingdom,Cofinancing Amount  ($ million),1 January 2016 - 31 December 2020,491.55
Regional,Supply Chain Finance Program,NS,United Kingdom,ADB Amount  ($ million),1 January 2016 - 31 December 2020,414.47
Regional,Supply Chain Finance Program,NS,Germany,Cofinancing Amount  ($ million),1 January 2016 - 31 December 2020,57.6
Regional,Supply Chain Finance Program,NS,Germany,ADB Amount  ($ million),1 January 2016 - 31 December 2020,57.6
Regional,Tertiary Education,NS,Netherlands,Cofinancing Amount  ($ million),1 January 2016 - 31 December 2020,12.5
Regional,Tertiary Education,NS,Netherlands,ADB Amount  ($ million),1 January 2016 - 31 December 2020,10
Regional,Tertiary Education Project,NS,Japan,Cofinancing Amount  ($ million),1 January 2016 - 31 December 2020,10
Regional,Tertiary Education Project,NS,Japan,ADB Amount  ($ million),1 January 2016 - 31 December 2020,10
Regional,Trade Finance Program ͩ,NS,Switzerland,Cofinancing Amount  ($ million),1 January 2016 - 31 December 2020,3842.19
Regional,Trade Finance Program ͩ,NS,Switzerland,ADB Amount  ($ million),1 January 2016 - 31 December 2020,291.38
Regional,Trade Finance Program ͩ,NS,Republic of Korea,Cofinancing Amount  ($ million),1 January 2016 - 31 December 2020,187.85
Regional,Trade Finance Program ͩ,NS,Republic of Korea,ADB Amount  ($ million),1 January 2016 - 31 December 2020,65.44
Regional,Trade Finance Program ͩ,NS,Japan,Cofinancing Amount  ($ million),1 January 2016 - 31 December 2020,113.28
Regional,Trade Finance Program ͩ,NS,Japan,ADB Amount  ($ million),1 January 2016 - 31 December 2020,1000.71
Regional,Trade Finance Program ͩ,NS,Germany,Cofinancing Amount  ($ million),1 January 2016 - 31 December 2020,3362.97
Regional,Trade Finance Program ͩ,NS,Germany,ADB Amount  ($ million),1 January 2016 - 31 December 2020,1407.68
Regional,Trade Finance Program ͩ,NS,France,Cofinancing Amount  ($ million),1 January 2016 - 31 December 2020,150.41
Regional,Trade Finance Program ͩ,NS,France,ADB Amount  ($ million),1 January 2016 - 31 December 2020,454.55
Regional,Trade Finance Program ͩ,NS,Australia,Cofinancing Amount  ($ million),1 January 2016 - 31 December 2020,53.82
Regional,Trade Finance Program ͩ,NS,Australia,ADB Amount  ($ million),1 January 2016 - 31 December 2020,1101
Regional,Trade Finance Programᶜ,NS,Sweden,Cofinancing Amount  ($ million),1 January 2016 - 31 December 2020,9.28
Regional,Trade Finance Programᶜ,NS,Sweden,ADB Amount  ($ million),1 January 2016 - 31 December 2020,5.14
Regional,Trade Finance Programᶜ,NS,Spain,Cofinancing Amount  ($ million),1 January 2016 - 31 December 2020,28.09
Regional,Trade Finance Programᶜ,NS,Spain,ADB Amount  ($ million),1 January 2016 - 31 December 2020,1625.53
Regional,Trade Finance Programᶜ,NS,Singapore,Cofinancing Amount  ($ million),1 January 2016 - 31 December 2020,14.47
Regional,Trade Finance Programᶜ,NS,Singapore,ADB Amount  ($ million),1 January 2016 - 31 December 2020,1088.8
Regional,Trade Finance Programᶜ,NS,New Zealand,Cofinancing Amount  ($ million),1 January 2016 - 31 December 2020,0.28
Regional,Trade Finance Programᶜ,NS,New Zealand,ADB Amount  ($ million),1 January 2016 - 31 December 2020,43.95
Regional,Trade Finance Programᶜ,NS,Netherlands,Cofinancing Amount  ($ million),1 January 2016 - 31 December 2020,106.73
Regional,Trade Finance Programᶜ,NS,Netherlands,ADB Amount  ($ million),1 January 2016 - 31 December 2020,63.2
Regional,Trade Finance Programᶜ,NS,Italy,Cofinancing Amount  ($ million),1 January 2016 - 31 December 2020,10.21
Regional,Trade Finance Programᶜ,NS,Italy,ADB Amount  ($ million),1 January 2016 - 31 December 2020,116.87
Regional,Trade Finance Programᶜ,NS,"Hong Kong, China",Cofinancing Amount  ($ million),1 January 2016 - 31 December 2020,2.65
Regional,Trade Finance Programᶜ,NS,"Hong Kong, China",ADB Amount  ($ million),1 January 2016 - 31 December 2020,0.29
Regional,Trade Finance Programᶜ,NS,Finland,Cofinancing Amount  ($ million),1 January 2016 - 31 December 2020,1.09
Regional,Trade Finance Programᶜ,NS,Finland,ADB Amount  ($ million),1 January 2016 - 31 December 2020,9.52
Regional,Trade Finance Programᶜ,NS,Belgium,Cofinancing Amount  ($ million),1 January 2016 - 31 December 2020,34.05
Regional,Trade Finance Programᶜ,NS,Belgium,ADB Amount  ($ million),1 January 2016 - 31 December 2020,79.41
Regional,Trade Finance Programᶜ,NS,Austria,Cofinancing Amount  ($ million),1 January 2016 - 31 December 2020,471.66
Regional,Trade Finance Programᶜ,NS,Austria,ADB Amount  ($ million),1 January 2016 - 31 December 2020,101.78
Regional,Trade Finance Programd,NS,United States,Cofinancing Amount  ($ million),1 January 2016 - 31 December 2020,1366.11
Regional,Trade Finance Programd,NS,United States,ADB Amount  ($ million),1 January 2016 - 31 December 2020,5921.59
Regional,Trade Finance Programd,NS,United Kingdom,Cofinancing Amount  ($ million),1 January 2016 - 31 December 2020,4243.82
Regional,Trade Finance Programd,NS,United Kingdom,ADB Amount  ($ million),1 January 2016 - 31 December 2020,2050.3
Regional,Trade Finance Programd,NS,Canada,Cofinancing Amount  ($ million),1 January 2016 - 31 December 2020,40.05
Regional,Trade Finance Programd,NS,Canada,ADB Amount  ($ million),1 January 2016 - 31 December 2020,347.34
Samoa,Fiscal Resilience Improvement Program – Subprogram 1,G,New Zealand,Cofinancing Amount  ($ million),1 January 2016 - 31 December 2020,2.5
Samoa,Fiscal Resilience Improvement Program – Subprogram 1,G,New Zealand,ADB Amount  ($ million),1 January 2016 - 31 December 2020,5
Samoa,Fiscal Resilience Improvement Program – Subprogram 1,G,Australia,Cofinancing Amount  ($ million),1 January 2016 - 31 December 2020,2.3
Samoa,Fiscal Resilience Improvement Program – Subprogram 1,G,Australia,ADB Amount  ($ million),1 January 2016 - 31 December 2020,5
Samoa,Samoa Agribusiness Support – Additional Financingᶜ,G,Australia,Cofinancing Amount  ($ million),1 January 2016 - 31 December 2020,0.75
Samoa,Samoa Agribusiness Support – Additional Financingᶜ,G,Australia,ADB Amount  ($ million),1 January 2016 - 31 December 2020,5
Samoa,Solar Power Project,NS,Canada,Cofinancing Amount  ($ million),1 January 2016 - 31 December 2020,1
Samoa,Solar Power Project,NS,Canada,ADB Amount  ($ million),1 January 2016 - 31 December 2020,2
Solomon Island,Tina River Hydropower,L,Republic of Korea,Cofinancing Amount  ($ million),1 January 2016 - 31 December 2020,31.6
Solomon Island,Tina River Hydropower,L,Republic of Korea,ADB Amount  ($ million),1 January 2016 - 31 December 2020,30
Solomon Islands,Improved Fiscal Sustainability Reform Program,G,New Zealand,Cofinancing Amount  ($ million),1 January 2016 - 31 December 2020,2
Solomon Islands,Improved Fiscal Sustainability Reform Program,G,New Zealand,ADB Amount  ($ million),1 January 2016 - 31 December 2020,5
Solomon Islands,Improved Fiscal Sustainability Reform Program,G,Australia,Cofinancing Amount  ($ million),1 January 2016 - 31 December 2020,1.5
Solomon Islands,Improved Fiscal Sustainability Reform Program,G,Australia,ADB Amount  ($ million),1 January 2016 - 31 December 2020,5
Solomon Islands,Sustainable Transport Infrastructure Improvement Program,G,Australia,Cofinancing Amount  ($ million),1 January 2016 - 31 December 2020,23.35
Solomon Islands,Sustainable Transport Infrastructure Improvement Program,G,Australia,ADB Amount  ($ million),1 January 2016 - 31 December 2020,21
Solomon Islands,Tina River Hydropower,G,Australia,Cofinancing Amount  ($ million),1 January 2016 - 31 December 2020,11.7
Solomon Islands,Tina River Hydropower,G,Australia,ADB Amount  ($ million),1 January 2016 - 31 December 2020,30
Sri Lanka,Green Power Development and Energy Efficiency Improvement Investment Program – Tranche 2,L,France,Cofinancing Amount  ($ million),1 January 2016 - 31 December 2020,30
Sri Lanka,Green Power Development and Energy Efficiency Improvement Investment Program – Tranche 2,L,France,ADB Amount  ($ million),1 January 2016 - 31 December 2020,150
Sri Lanka,Skills Sector Enhancement Program – Additional Financingc,G,Japan,Cofinancing Amount  ($ million),1 January 2016 - 31 December 2020,3
Sri Lanka,Skills Sector Enhancement Program – Additional Financingc,G,Japan,ADB Amount  ($ million),1 January 2016 - 31 December 2020,100
Sri Lanka,Small and Medium-Sized Enterprises Line of Credit Project - Third Additional Financingc,G,Japan,Cofinancing Amount  ($ million),1 January 2016 - 31 December 2020,1.25
Sri Lanka,Small and Medium-Sized Enterprises Line of Credit Project - Third Additional Financingc,G,Japan,ADB Amount  ($ million),1 January 2016 - 31 December 2020,165
Sri Lanka,South Asia Subregional Economic Cooperation Port Access Elevated Highway,L,Japan,Cofinancing Amount  ($ million),1 January 2016 - 31 December 2020,342.73
Sri Lanka,South Asia Subregional Economic Cooperation Port Access Elevated Highway,L,Japan,ADB Amount  ($ million),1 January 2016 - 31 December 2020,300
Sri Lanka,Supporting Electricity Supply Reliability Improvement,G,Japan,Cofinancing Amount  ($ million),1 January 2016 - 31 December 2020,2
Sri Lanka,Supporting Electricity Supply Reliability Improvement,G,Japan,ADB Amount  ($ million),1 January 2016 - 31 December 2020,115
Tajikistan,Maternal and Child Health Integrated Care,G,Germany,Cofinancing Amount  ($ million),1 January 2016 - 31 December 2020,10.42
Tajikistan,Maternal and Child Health Integrated Care,G,Germany,ADB Amount  ($ million),1 January 2016 - 31 December 2020,32
Tajikistan,Skills and Employability Enhancement,G,Japan,Cofinancing Amount  ($ million),1 January 2016 - 31 December 2020,1.5
Tajikistan,Skills and Employability Enhancement,G,Japan,ADB Amount  ($ million),1 January 2016 - 31 December 2020,30
Tajikistan,Water Resources Management in Pyanj River Basin,G,Japan,Cofinancing Amount  ($ million),1 January 2016 - 31 December 2020,3
Tajikistan,Water Resources Management in Pyanj River Basin,G,Japan,ADB Amount  ($ million),1 January 2016 - 31 December 2020,25
Thailand,Chonburi Natural Gas Power Project,NS,Japan,Cofinancing Amount  ($ million),1 January 2016 - 31 December 2020,307.7
Thailand,Chonburi Natural Gas Power Project,NS,Japan,ADB Amount  ($ million),1 January 2016 - 31 December 2020,228
Thailand,Community-Based Flood Risk Management and Disaster Response in the Chao Phraya Basin,G,Japan,Cofinancing Amount  ($ million),1 January 2016 - 31 December 2020,2
Thailand,Community-Based Flood Risk Management and Disaster Response in the Chao Phraya Basin,G,Japan,ADB Amount  ($ million),1 January 2016 - 31 December 2020,
Thailand,Cornerstone Investment in Leading Independent Power Producer Project,NS,Japan,Cofinancing Amount  ($ million),1 January 2016 - 31 December 2020,21.96
Thailand,Cornerstone Investment in Leading Independent Power Producer Project,NS,Japan,ADB Amount  ($ million),1 January 2016 - 31 December 2020,65.88
Thailand,Eastern Economic Corridor Independent Power,NS,Singapore,Cofinancing Amount  ($ million),1 January 2016 - 31 December 2020,45
Thailand,Eastern Economic Corridor Independent Power,NS,Singapore,ADB Amount  ($ million),1 January 2016 - 31 December 2020,50
Thailand,Eastern Economic Corridor Independent Power,NS,Germany,Cofinancing Amount  ($ million),1 January 2016 - 31 December 2020,40
Thailand,Eastern Economic Corridor Independent Power,NS,Germany,ADB Amount  ($ million),1 January 2016 - 31 December 2020,50
Thailand,Eastern Economic Corridor Independent Power Project,NS,Japan,Cofinancing Amount  ($ million),1 January 2016 - 31 December 2020,364.21
Thailand,Eastern Economic Corridor Independent Power Project,NS,Japan,ADB Amount  ($ million),1 January 2016 - 31 December 2020,50
Timor Leste,Coffee and Agroforestry Livelihood Improvement,G,Japan,Cofinancing Amount  ($ million),1 January 2016 - 31 December 2020,3
Timor Leste,Coffee and Agroforestry Livelihood Improvement,G,Japan,ADB Amount  ($ million),1 January 2016 - 31 December 2020,
Tonga,Building Macroeconomic Resilience – Subprogram 1,G,Australia,Cofinancing Amount  ($ million),1 January 2016 - 31 December 2020,3
Tonga,Building Macroeconomic Resilience – Subprogram 1,G,Australia,ADB Amount  ($ million),1 January 2016 - 31 December 2020,6
Tonga,Building Macroeconomic Resilience – Subprogram 2,G,Australia,Cofinancing Amount  ($ million),1 January 2016 - 31 December 2020,3.1
Tonga,Building Macroeconomic Resilience – Subprogram 2,G,Australia,ADB Amount  ($ million),1 January 2016 - 31 December 2020,5
Tonga,Building Macroeconomic Resilience – Subprogram 3,G,Australia,Cofinancing Amount  ($ million),1 January 2016 - 31 December 2020,2.8
Tonga,Building Macroeconomic Resilience – Subprogram 3,G,Australia,ADB Amount  ($ million),1 January 2016 - 31 December 2020,5
Tonga,Building Macroeconomic Resilience Program – Subprogram 2,G,New Zealand,Cofinancing Amount  ($ million),1 January 2016 - 31 December 2020,1.1
Tonga,Building Macroeconomic Resilience Program – Subprogram 2,G,New Zealand,ADB Amount  ($ million),1 January 2016 - 31 December 2020,5
Tonga,Nuku’alofa Urban Sector Development – Additional Financingᶜ,G,Australia,Cofinancing Amount  ($ million),1 January 2016 - 31 December 2020,2.03
Tonga,Nuku’alofa Urban Sector Development – Additional Financingᶜ,G,Australia,ADB Amount  ($ million),1 January 2016 - 31 December 2020,
Tonga,Outer Island Renewable Energy – Additional Financingᶜ,G,Australia,Cofinancing Amount  ($ million),1 January 2016 - 31 December 2020,2.65
Tonga,Outer Island Renewable Energy – Additional Financingᶜ,G,Australia,ADB Amount  ($ million),1 January 2016 - 31 December 2020,5.5
Tonga,Renewable Energy,G,Australia,Cofinancing Amount  ($ million),1 January 2016 - 31 December 2020,2.5
Tonga,Renewable Energy,G,Australia,ADB Amount  ($ million),1 January 2016 - 31 December 2020,12.2
Tonga,Strengthening Macroeconomic Resilience Program,G,Australia,Cofinancing Amount  ($ million),1 January 2016 - 31 December 2020,7.2
Tonga,Strengthening Macroeconomic Resilience Program,G,Australia,ADB Amount  ($ million),1 January 2016 - 31 December 2020,12.2
Tuvalu,Improved Fiscal and Infrastructure Management Program,G,New Zealand,Cofinancing Amount  ($ million),1 January 2016 - 31 December 2020,0.6
Tuvalu,Improved Fiscal and Infrastructure Management Program,G,New Zealand,ADB Amount  ($ million),1 January 2016 - 31 December 2020,4
Tuvalu,Improved Fiscal and Infrastructure Management Program,G,Australia,Cofinancing Amount  ($ million),1 January 2016 - 31 December 2020,1
Tuvalu,Improved Fiscal and Infrastructure Management Program,G,Australia,ADB Amount  ($ million),1 January 2016 - 31 December 2020,4
Uzbekistan,Economic Management Improvement Program –Subprogram 1c,L,France,Cofinancing Amount  ($ million),1 January 2016 - 31 December 2020,170.57
Uzbekistan,Economic Management Improvement Program –Subprogram 1c,L,France,ADB Amount  ($ million),1 January 2016 - 31 December 2020,
Uzbekistan,Economic Management Improvement Program –Subprogram 2,L,France,Cofinancing Amount  ($ million),1 January 2016 - 31 December 2020,55.51
Uzbekistan,Economic Management Improvement Program –Subprogram 2,L,France,ADB Amount  ($ million),1 January 2016 - 31 December 2020,300
Uzbekistan,Power Sector Reform Program - Subprogram 1,L,France,Cofinancing Amount  ($ million),1 January 2016 - 31 December 2020,168.84
Uzbekistan,Power Sector Reform Program - Subprogram 1,L,France,ADB Amount  ($ million),1 January 2016 - 31 December 2020,200
Viet Nam,Binh Duong Water Treatment Expansion Project,NS,Japan,Cofinancing Amount  ($ million),1 January 2016 - 31 December 2020,8
Viet Nam,Binh Duong Water Treatment Expansion Project,NS,Japan,ADB Amount  ($ million),1 January 2016 - 31 December 2020,8
Viet Nam,Floating Solar Energy Project,NS,Japan,Cofinancing Amount  ($ million),1 January 2016 - 31 December 2020,4.4
Viet Nam,Floating Solar Energy Project,NS,Japan,ADB Amount  ($ million),1 January 2016 - 31 December 2020,17.6
Viet Nam,Floating Solar Energy Project,NS,Canada,Cofinancing Amount  ($ million),1 January 2016 - 31 December 2020,15
Viet Nam,Floating Solar Energy Project,NS,Canada,ADB Amount  ($ million),1 January 2016 - 31 December 2020,17.6
Viet Nam,Greater Mekong Subregion Ben Luc-Long Thanh Expressway – Tranche 2,L,Japan,Cofinancing Amount  ($ million),1 January 2016 - 31 December 2020,305.52
Viet Nam,Greater Mekong Subregion Ben Luc-Long Thanh Expressway – Tranche 2,L,Japan,ADB Amount  ($ million),1 January 2016 - 31 December 2020,286
Viet Nam,Ha Noi Metro Rail System (Line 3: Nhon-Ha Noi Station Section),L,France,Cofinancing Amount  ($ million),1 January 2016 - 31 December 2020,494.4
Viet Nam,Ha Noi Metro Rail System (Line 3: Nhon-Ha Noi Station Section),L,France,ADB Amount  ($ million),1 January 2016 - 31 December 2020,357.8
Viet Nam,Mainstreaming Small and Medium-Sized Enterprises Lending Project,NS,United States,Cofinancing Amount  ($ million),1 January 2016 - 31 December 2020,10.19
Viet Nam,Mainstreaming Small and Medium-Sized Enterprises Lending Project,NS,United States,ADB Amount  ($ million),1 January 2016 - 31 December 2020,200
Viet Nam,Mainstreaming Small and Medium-Sized Enterprises Lending Project,NS,Republic of Korea,Cofinancing Amount  ($ million),1 January 2016 - 31 December 2020,20
Viet Nam,Mainstreaming Small and Medium-Sized Enterprises Lending Project,NS,Republic of Korea,ADB Amount  ($ million),1 January 2016 - 31 December 2020,200
Viet Nam,Mainstreaming Small and Medium-Sized Enterprises Lending Project,NS,Germany,Cofinancing Amount  ($ million),1 January 2016 - 31 December 2020,11.65
Viet Nam,Mainstreaming Small and Medium-Sized Enterprises Lending Project,NS,Germany,ADB Amount  ($ million),1 January 2016 - 31 December 2020,200
Viet Nam,Mainstreaming Small and Medium-Sized Enterprises Lending Project,NS,France,Cofinancing Amount  ($ million),1 January 2016 - 31 December 2020,31.3
Viet Nam,Mainstreaming Small and Medium-Sized Enterprises Lending Project,NS,France,ADB Amount  ($ million),1 January 2016 - 31 December 2020,200
Viet Nam,Mekong Enterprise Fund IV L.P.,NS,United States,Cofinancing Amount  ($ million),1 January 2016 - 31 December 2020,1
Viet Nam,Mekong Enterprise Fund IV L.P.,NS,United States,ADB Amount  ($ million),1 January 2016 - 31 December 2020,20
Viet Nam,Mekong Enterprise Fund IV L.P.,NS,Japan,Cofinancing Amount  ($ million),1 January 2016 - 31 December 2020,5
Viet Nam,Mekong Enterprise Fund IV L.P.,NS,Japan,ADB Amount  ($ million),1 January 2016 - 31 December 2020,20
Viet Nam,Mekong Enterprise Fund IV L.P.,NS,France,Cofinancing Amount  ($ million),1 January 2016 - 31 December 2020,15
Viet Nam,Mekong Enterprise Fund IV L.P.,NS,France,ADB Amount  ($ million),1 January 2016 - 31 December 2020,20
Viet Nam,Northern Mountain Provinces Transport Connectivity,G,Australia,Cofinancing Amount  ($ million),1 January 2016 - 31 December 2020,4.48
Viet Nam,Northern Mountain Provinces Transport Connectivity,G,Australia,ADB Amount  ($ million),1 January 2016 - 31 December 2020,188.36
Viet Nam,Power Transmission Investment Program – Tranche 3,L,Germany,Cofinancing Amount  ($ million),1 January 2016 - 31 December 2020,71
Viet Nam,Power Transmission Investment Program – Tranche 3,L,Germany,ADB Amount  ($ million),1 January 2016 - 31 December 2020,231.31
Viet Nam,Second Health Human Resources Development,G,Japan,Cofinancing Amount  ($ million),1 January 2016 - 31 December 2020,3
Viet Nam,Second Health Human Resources Development,G,Japan,ADB Amount  ($ million),1 January 2016 - 31 December 2020,80
Viet Nam,Skills and Knowledge for Inclusive Economic Growth,G,Japan,Cofinancing Amount  ($ million),1 January 2016 - 31 December 2020,3
Viet Nam,Skills and Knowledge for Inclusive Economic Growth,G,Japan,ADB Amount  ($ million),1 January 2016 - 31 December 2020,75
Viet Nam,Water Efficiency Improvement in Drought-Affected Provinces,G,Netherlands,Cofinancing Amount  ($ million),1 January 2016 - 31 December 2020,0.75
Viet Nam,Water Efficiency Improvement in Drought-Affected Provinces,G,Netherlands,ADB Amount  ($ million),1 January 2016 - 31 December 2020,100
Vietnam,B.Grimm Viet Nam Solar Power Project - Phu Yen Solar Power Project,NS,United Kingdom,Cofinancing Amount  ($ million),1 January 2016 - 31 December 2020,30
Vietnam,B.Grimm Viet Nam Solar Power Project - Phu Yen Solar Power Project,NS,United Kingdom,ADB Amount  ($ million),1 January 2016 - 31 December 2020,27.9
Vietnam,Gulf Solar Power Project,NS,United Kingdom,Cofinancing Amount  ($ million),1 January 2016 - 31 December 2020,6.3
Vietnam,Gulf Solar Power Project,NS,United Kingdom,ADB Amount  ($ million),1 January 2016 - 31 December 2020,11.3
Vietnam,Mainstreaming Small and Medium-Sized Enterprises Lending Project,NS,"Taipei, China",Cofinancing Amount  ($ million),1 January 2016 - 31 December 2020,61
Vietnam,Mainstreaming Small and Medium-Sized Enterprises Lending Project,NS,"Taipei, China",ADB Amount  ($ million),1 January 2016 - 31 December 2020,200
Vietnam,Mainstreaming Small and Medium-Sized Enterprises Lending Project,NS,"Hong Kong, China",Cofinancing Amount  ($ million),1 January 2016 - 31 December 2020,9
Vietnam,Mainstreaming Small and Medium-Sized Enterprises Lending Project,NS,"Hong Kong, China",ADB Amount  ($ million),1 January 2016 - 31 December 2020,200
